index_id,filename,source_id,age,gender,race,timestamp
1,10_0_0_20161220222308131.jpg.chip.jpg,10_0_0_20161220222308131.jpg.chip.jpg,10,0,0,20161220222308131.jpg.chip.jpg
2,10_0_0_20170103200522151.jpg.chip.jpg,10_0_0_20170103200522151.jpg.chip.jpg,10,0,0,20170103200522151.jpg.chip.jpg
3,10_0_0_20170103233459275.jpg.chip.jpg,10_0_0_20170103233459275.jpg.chip.jpg,10,0,0,20170103233459275.jpg.chip.jpg
4,10_0_0_20170110215927291.jpg.chip.jpg,10_0_0_20170110215927291.jpg.chip.jpg,10,0,0,20170110215927291.jpg.chip.jpg
5,10_0_0_20170110220033115.jpg.chip.jpg,10_0_0_20170110220033115.jpg.chip.jpg,10,0,0,20170110220033115.jpg.chip.jpg
6,10_0_0_20170110220235233.jpg.chip.jpg,10_0_0_20170110220235233.jpg.chip.jpg,10,0,0,20170110220235233.jpg.chip.jpg
7,10_0_0_20170110220251986.jpg.chip.jpg,10_0_0_20170110220251986.jpg.chip.jpg,10,0,0,20170110220251986.jpg.chip.jpg
8,10_0_0_20170110220541850.jpg.chip.jpg,10_0_0_20170110220541850.jpg.chip.jpg,10,0,0,20170110220541850.jpg.chip.jpg
9,10_0_0_20170110220654150.jpg.chip.jpg,10_0_0_20170110220654150.jpg.chip.jpg,10,0,0,20170110220654150.jpg.chip.jpg
10,10_0_0_20170110221719390.jpg.chip.jpg,10_0_0_20170110221719390.jpg.chip.jpg,10,0,0,20170110221719390.jpg.chip.jpg
11,10_0_0_20170110221811823.jpg.chip.jpg,10_0_0_20170110221811823.jpg.chip.jpg,10,0,0,20170110221811823.jpg.chip.jpg
12,10_0_0_20170110224238891.jpg.chip.jpg,10_0_0_20170110224238891.jpg.chip.jpg,10,0,0,20170110224238891.jpg.chip.jpg
13,10_0_0_20170110224253445.jpg.chip.jpg,10_0_0_20170110224253445.jpg.chip.jpg,10,0,0,20170110224253445.jpg.chip.jpg
14,10_0_0_20170110224255796.jpg.chip.jpg,10_0_0_20170110224255796.jpg.chip.jpg,10,0,0,20170110224255796.jpg.chip.jpg
15,10_0_0_20170110224406532.jpg.chip.jpg,10_0_0_20170110224406532.jpg.chip.jpg,10,0,0,20170110224406532.jpg.chip.jpg
16,10_0_0_20170110224524253.jpg.chip.jpg,10_0_0_20170110224524253.jpg.chip.jpg,10,0,0,20170110224524253.jpg.chip.jpg
17,10_0_0_20170110225013755.jpg.chip.jpg,10_0_0_20170110225013755.jpg.chip.jpg,10,0,0,20170110225013755.jpg.chip.jpg
18,10_0_0_20170110225035898.jpg.chip.jpg,10_0_0_20170110225035898.jpg.chip.jpg,10,0,0,20170110225035898.jpg.chip.jpg
19,10_0_0_20170110225243501.jpg.chip.jpg,10_0_0_20170110225243501.jpg.chip.jpg,10,0,0,20170110225243501.jpg.chip.jpg
20,10_0_0_20170110225246490.jpg.chip.jpg,10_0_0_20170110225246490.jpg.chip.jpg,10,0,0,20170110225246490.jpg.chip.jpg
21,10_0_0_20170110225505288.jpg.chip.jpg,10_0_0_20170110225505288.jpg.chip.jpg,10,0,0,20170110225505288.jpg.chip.jpg
22,10_0_0_20170110225528484.jpg.chip.jpg,10_0_0_20170110225528484.jpg.chip.jpg,10,0,0,20170110225528484.jpg.chip.jpg
23,10_0_1_20170110220507258.jpg.chip.jpg,10_0_1_20170110220507258.jpg.chip.jpg,10,0,1,20170110220507258.jpg.chip.jpg
24,10_0_4_20170103200335831.jpg.chip.jpg,10_0_4_20170103200335831.jpg.chip.jpg,10,0,4,20170103200335831.jpg.chip.jpg
25,10_0_4_20170103200409638.jpg.chip.jpg,10_0_4_20170103200409638.jpg.chip.jpg,10,0,4,20170103200409638.jpg.chip.jpg
26,10_0_4_20170103200443015.jpg.chip.jpg,10_0_4_20170103200443015.jpg.chip.jpg,10,0,4,20170103200443015.jpg.chip.jpg
27,10_0_4_20170103201924664.jpg.chip.jpg,10_0_4_20170103201924664.jpg.chip.jpg,10,0,4,20170103201924664.jpg.chip.jpg
28,10_1_0_20161220222001459.jpg.chip.jpg,10_1_0_20161220222001459.jpg.chip.jpg,10,1,0,20161220222001459.jpg.chip.jpg
29,10_1_0_20170103175323250.jpg.chip.jpg,10_1_0_20170103175323250.jpg.chip.jpg,10,1,0,20170103175323250.jpg.chip.jpg
30,10_1_0_20170103200654246.jpg.chip.jpg,10_1_0_20170103200654246.jpg.chip.jpg,10,1,0,20170103200654246.jpg.chip.jpg
31,10_1_0_20170109202346880.jpg.chip.jpg,10_1_0_20170109202346880.jpg.chip.jpg,10,1,0,20170109202346880.jpg.chip.jpg
32,10_1_0_20170109203427416.jpg.chip.jpg,10_1_0_20170109203427416.jpg.chip.jpg,10,1,0,20170109203427416.jpg.chip.jpg
33,10_1_0_20170109203438428.jpg.chip.jpg,10_1_0_20170109203438428.jpg.chip.jpg,10,1,0,20170109203438428.jpg.chip.jpg
34,10_1_0_20170109203556029.jpg.chip.jpg,10_1_0_20170109203556029.jpg.chip.jpg,10,1,0,20170109203556029.jpg.chip.jpg
35,10_1_0_20170109203608654.jpg.chip.jpg,10_1_0_20170109203608654.jpg.chip.jpg,10,1,0,20170109203608654.jpg.chip.jpg
36,10_1_0_20170109203653735.jpg.chip.jpg,10_1_0_20170109203653735.jpg.chip.jpg,10,1,0,20170109203653735.jpg.chip.jpg
37,10_1_0_20170109204259563.jpg.chip.jpg,10_1_0_20170109204259563.jpg.chip.jpg,10,1,0,20170109204259563.jpg.chip.jpg
38,10_1_0_20170109204338404.jpg.chip.jpg,10_1_0_20170109204338404.jpg.chip.jpg,10,1,0,20170109204338404.jpg.chip.jpg
39,10_1_0_20170109204422889.jpg.chip.jpg,10_1_0_20170109204422889.jpg.chip.jpg,10,1,0,20170109204422889.jpg.chip.jpg
40,10_1_0_20170109204617417.jpg.chip.jpg,10_1_0_20170109204617417.jpg.chip.jpg,10,1,0,20170109204617417.jpg.chip.jpg
41,10_1_0_20170109204746535.jpg.chip.jpg,10_1_0_20170109204746535.jpg.chip.jpg,10,1,0,20170109204746535.jpg.chip.jpg
42,10_1_0_20170109204844109.jpg.chip.jpg,10_1_0_20170109204844109.jpg.chip.jpg,10,1,0,20170109204844109.jpg.chip.jpg
43,10_1_0_20170109204859493.jpg.chip.jpg,10_1_0_20170109204859493.jpg.chip.jpg,10,1,0,20170109204859493.jpg.chip.jpg
44,10_1_0_20170109204931156.jpg.chip.jpg,10_1_0_20170109204931156.jpg.chip.jpg,10,1,0,20170109204931156.jpg.chip.jpg
45,10_1_0_20170109205134282.jpg.chip.jpg,10_1_0_20170109205134282.jpg.chip.jpg,10,1,0,20170109205134282.jpg.chip.jpg
46,10_1_0_20170110220649364.jpg.chip.jpg,10_1_0_20170110220649364.jpg.chip.jpg,10,1,0,20170110220649364.jpg.chip.jpg
47,10_1_1_20170109203348828.jpg.chip.jpg,10_1_1_20170109203348828.jpg.chip.jpg,10,1,1,20170109203348828.jpg.chip.jpg
48,10_1_1_20170109203520178.jpg.chip.jpg,10_1_1_20170109203520178.jpg.chip.jpg,10,1,1,20170109203520178.jpg.chip.jpg
49,10_1_1_20170109203522559.jpg.chip.jpg,10_1_1_20170109203522559.jpg.chip.jpg,10,1,1,20170109203522559.jpg.chip.jpg
50,10_1_2_20170116175840105.jpg.chip.jpg,10_1_2_20170116175840105.jpg.chip.jpg,10,1,2,20170116175840105.jpg.chip.jpg
51,10_1_3_20170104221633430.jpg.chip.jpg,10_1_3_20170104221633430.jpg.chip.jpg,10,1,3,20170104221633430.jpg.chip.jpg
52,10_1_3_20170104221645430.jpg.chip.jpg,10_1_3_20170104221645430.jpg.chip.jpg,10,1,3,20170104221645430.jpg.chip.jpg
53,10_1_3_20170104221711437.jpg.chip.jpg,10_1_3_20170104221711437.jpg.chip.jpg,10,1,3,20170104221711437.jpg.chip.jpg
54,10_1_4_20161223225854867.jpg.chip.jpg,10_1_4_20161223225854867.jpg.chip.jpg,10,1,4,20161223225854867.jpg.chip.jpg
55,1_0_0_20161219140642920.jpg.chip.jpg,1_0_0_20161219140642920.jpg.chip.jpg,1,0,0,20161219140642920.jpg.chip.jpg
56,1_0_0_20161219191012803.jpg.chip.jpg,1_0_0_20161219191012803.jpg.chip.jpg,1,0,0,20161219191012803.jpg.chip.jpg
57,1_0_0_20161219200338012.jpg.chip.jpg,1_0_0_20161219200338012.jpg.chip.jpg,1,0,0,20161219200338012.jpg.chip.jpg
58,1_0_0_20161219204552941.jpg.chip.jpg,1_0_0_20161219204552941.jpg.chip.jpg,1,0,0,20161219204552941.jpg.chip.jpg
59,1_0_0_20161219211607517.jpg.chip.jpg,1_0_0_20161219211607517.jpg.chip.jpg,1,0,0,20161219211607517.jpg.chip.jpg
60,1_0_0_20170109191445171.jpg.chip.jpg,1_0_0_20170109191445171.jpg.chip.jpg,1,0,0,20170109191445171.jpg.chip.jpg
61,1_0_0_20170109192219011.jpg.chip.jpg,1_0_0_20170109192219011.jpg.chip.jpg,1,0,0,20170109192219011.jpg.chip.jpg
62,1_0_0_20170109192836519.jpg.chip.jpg,1_0_0_20170109192836519.jpg.chip.jpg,1,0,0,20170109192836519.jpg.chip.jpg
63,1_0_0_20170109193511684.jpg.chip.jpg,1_0_0_20170109193511684.jpg.chip.jpg,1,0,0,20170109193511684.jpg.chip.jpg
64,1_0_0_20170109193823674.jpg.chip.jpg,1_0_0_20170109193823674.jpg.chip.jpg,1,0,0,20170109193823674.jpg.chip.jpg
65,1_0_0_20170109193841675.jpg.chip.jpg,1_0_0_20170109193841675.jpg.chip.jpg,1,0,0,20170109193841675.jpg.chip.jpg
66,1_0_0_20170109194232519.jpg.chip.jpg,1_0_0_20170109194232519.jpg.chip.jpg,1,0,0,20170109194232519.jpg.chip.jpg
67,1_0_0_20170110211538942.jpg.chip.jpg,1_0_0_20170110211538942.jpg.chip.jpg,1,0,0,20170110211538942.jpg.chip.jpg
68,1_0_0_20170110212555368.jpg.chip.jpg,1_0_0_20170110212555368.jpg.chip.jpg,1,0,0,20170110212555368.jpg.chip.jpg
69,1_0_0_20170110212704144.jpg.chip.jpg,1_0_0_20170110212704144.jpg.chip.jpg,1,0,0,20170110212704144.jpg.chip.jpg
70,1_0_0_20170110212733875.jpg.chip.jpg,1_0_0_20170110212733875.jpg.chip.jpg,1,0,0,20170110212733875.jpg.chip.jpg
71,1_0_0_20170110212907649.jpg.chip.jpg,1_0_0_20170110212907649.jpg.chip.jpg,1,0,0,20170110212907649.jpg.chip.jpg
72,1_0_0_20170110213005631.jpg.chip.jpg,1_0_0_20170110213005631.jpg.chip.jpg,1,0,0,20170110213005631.jpg.chip.jpg
73,1_0_0_20170110213011627.jpg.chip.jpg,1_0_0_20170110213011627.jpg.chip.jpg,1,0,0,20170110213011627.jpg.chip.jpg
74,1_0_0_20170110213203795.jpg.chip.jpg,1_0_0_20170110213203795.jpg.chip.jpg,1,0,0,20170110213203795.jpg.chip.jpg
75,1_0_0_20170110213206043.jpg.chip.jpg,1_0_0_20170110213206043.jpg.chip.jpg,1,0,0,20170110213206043.jpg.chip.jpg
76,1_0_0_20170110213326577.jpg.chip.jpg,1_0_0_20170110213326577.jpg.chip.jpg,1,0,0,20170110213326577.jpg.chip.jpg
77,1_0_0_20170110213403723.jpg.chip.jpg,1_0_0_20170110213403723.jpg.chip.jpg,1,0,0,20170110213403723.jpg.chip.jpg
78,1_0_0_20170110213438385.jpg.chip.jpg,1_0_0_20170110213438385.jpg.chip.jpg,1,0,0,20170110213438385.jpg.chip.jpg
79,1_0_0_20170110213448015.jpg.chip.jpg,1_0_0_20170110213448015.jpg.chip.jpg,1,0,0,20170110213448015.jpg.chip.jpg
80,1_0_0_20170110213508380.jpg.chip.jpg,1_0_0_20170110213508380.jpg.chip.jpg,1,0,0,20170110213508380.jpg.chip.jpg
81,1_0_0_20170117133107124.jpg.chip.jpg,1_0_0_20170117133107124.jpg.chip.jpg,1,0,0,20170117133107124.jpg.chip.jpg
82,1_0_1_20170110212837862.jpg.chip.jpg,1_0_1_20170110212837862.jpg.chip.jpg,1,0,1,20170110212837862.jpg.chip.jpg
83,1_0_1_20170110213113882.jpg.chip.jpg,1_0_1_20170110213113882.jpg.chip.jpg,1,0,1,20170110213113882.jpg.chip.jpg
84,1_0_1_20170110213645409.jpg.chip.jpg,1_0_1_20170110213645409.jpg.chip.jpg,1,0,1,20170110213645409.jpg.chip.jpg
85,1_0_1_20170110213647161.jpg.chip.jpg,1_0_1_20170110213647161.jpg.chip.jpg,1,0,1,20170110213647161.jpg.chip.jpg
86,1_0_1_20170110213808936.jpg.chip.jpg,1_0_1_20170110213808936.jpg.chip.jpg,1,0,1,20170110213808936.jpg.chip.jpg
87,1_0_2_20161219140929864.jpg.chip.jpg,1_0_2_20161219140929864.jpg.chip.jpg,1,0,2,20161219140929864.jpg.chip.jpg
88,1_0_2_20161219141758721.jpg.chip.jpg,1_0_2_20161219141758721.jpg.chip.jpg,1,0,2,20161219141758721.jpg.chip.jpg
89,1_0_2_20161219142124569.jpg.chip.jpg,1_0_2_20161219142124569.jpg.chip.jpg,1,0,2,20161219142124569.jpg.chip.jpg
90,1_0_2_20161219151123435.jpg.chip.jpg,1_0_2_20161219151123435.jpg.chip.jpg,1,0,2,20161219151123435.jpg.chip.jpg
91,1_0_2_20161219153055452.jpg.chip.jpg,1_0_2_20161219153055452.jpg.chip.jpg,1,0,2,20161219153055452.jpg.chip.jpg
92,1_0_2_20161219153209772.jpg.chip.jpg,1_0_2_20161219153209772.jpg.chip.jpg,1,0,2,20161219153209772.jpg.chip.jpg
93,1_0_2_20161219154354285.jpg.chip.jpg,1_0_2_20161219154354285.jpg.chip.jpg,1,0,2,20161219154354285.jpg.chip.jpg
94,1_0_2_20161219155744942.jpg.chip.jpg,1_0_2_20161219155744942.jpg.chip.jpg,1,0,2,20161219155744942.jpg.chip.jpg
95,1_0_2_20161219155759221.jpg.chip.jpg,1_0_2_20161219155759221.jpg.chip.jpg,1,0,2,20161219155759221.jpg.chip.jpg
96,1_0_2_20161219155802845.jpg.chip.jpg,1_0_2_20161219155802845.jpg.chip.jpg,1,0,2,20161219155802845.jpg.chip.jpg
97,1_0_2_20161219161616326.jpg.chip.jpg,1_0_2_20161219161616326.jpg.chip.jpg,1,0,2,20161219161616326.jpg.chip.jpg
98,1_0_2_20161219161618142.jpg.chip.jpg,1_0_2_20161219161618142.jpg.chip.jpg,1,0,2,20161219161618142.jpg.chip.jpg
99,1_0_2_20161219161855278.jpg.chip.jpg,1_0_2_20161219161855278.jpg.chip.jpg,1,0,2,20161219161855278.jpg.chip.jpg
100,1_0_2_20161219162518471.jpg.chip.jpg,1_0_2_20161219162518471.jpg.chip.jpg,1,0,2,20161219162518471.jpg.chip.jpg
101,1_0_2_20161219162758303.jpg.chip.jpg,1_0_2_20161219162758303.jpg.chip.jpg,1,0,2,20161219162758303.jpg.chip.jpg
102,1_0_2_20161219192733154.jpg.chip.jpg,1_0_2_20161219192733154.jpg.chip.jpg,1,0,2,20161219192733154.jpg.chip.jpg
103,1_0_2_20161219194543059.jpg.chip.jpg,1_0_2_20161219194543059.jpg.chip.jpg,1,0,2,20161219194543059.jpg.chip.jpg
104,1_0_2_20161219194721851.jpg.chip.jpg,1_0_2_20161219194721851.jpg.chip.jpg,1,0,2,20161219194721851.jpg.chip.jpg
105,1_0_2_20161219195258747.jpg.chip.jpg,1_0_2_20161219195258747.jpg.chip.jpg,1,0,2,20161219195258747.jpg.chip.jpg
106,1_0_2_20161219195334724.jpg.chip.jpg,1_0_2_20161219195334724.jpg.chip.jpg,1,0,2,20161219195334724.jpg.chip.jpg
107,1_0_2_20161219195703108.jpg.chip.jpg,1_0_2_20161219195703108.jpg.chip.jpg,1,0,2,20161219195703108.jpg.chip.jpg
108,1_0_2_20161219195848259.jpg.chip.jpg,1_0_2_20161219195848259.jpg.chip.jpg,1,0,2,20161219195848259.jpg.chip.jpg
109,1_0_2_20161219195959395.jpg.chip.jpg,1_0_2_20161219195959395.jpg.chip.jpg,1,0,2,20161219195959395.jpg.chip.jpg
110,1_0_2_20161219200004228.jpg.chip.jpg,1_0_2_20161219200004228.jpg.chip.jpg,1,0,2,20161219200004228.jpg.chip.jpg
111,1_0_2_20161219201319628.jpg.chip.jpg,1_0_2_20161219201319628.jpg.chip.jpg,1,0,2,20161219201319628.jpg.chip.jpg
112,1_0_2_20161219201523620.jpg.chip.jpg,1_0_2_20161219201523620.jpg.chip.jpg,1,0,2,20161219201523620.jpg.chip.jpg
113,1_0_2_20161219202542596.jpg.chip.jpg,1_0_2_20161219202542596.jpg.chip.jpg,1,0,2,20161219202542596.jpg.chip.jpg
114,1_0_2_20161219202906108.jpg.chip.jpg,1_0_2_20161219202906108.jpg.chip.jpg,1,0,2,20161219202906108.jpg.chip.jpg
115,1_0_2_20161219202914180.jpg.chip.jpg,1_0_2_20161219202914180.jpg.chip.jpg,1,0,2,20161219202914180.jpg.chip.jpg
116,1_0_2_20161219203016316.jpg.chip.jpg,1_0_2_20161219203016316.jpg.chip.jpg,1,0,2,20161219203016316.jpg.chip.jpg
117,1_0_2_20161219203140692.jpg.chip.jpg,1_0_2_20161219203140692.jpg.chip.jpg,1,0,2,20161219203140692.jpg.chip.jpg
118,1_0_2_20161219203236876.jpg.chip.jpg,1_0_2_20161219203236876.jpg.chip.jpg,1,0,2,20161219203236876.jpg.chip.jpg
119,1_0_2_20161219203335428.jpg.chip.jpg,1_0_2_20161219203335428.jpg.chip.jpg,1,0,2,20161219203335428.jpg.chip.jpg
120,1_0_2_20161219203514252.jpg.chip.jpg,1_0_2_20161219203514252.jpg.chip.jpg,1,0,2,20161219203514252.jpg.chip.jpg
121,1_0_2_20161219203650636.jpg.chip.jpg,1_0_2_20161219203650636.jpg.chip.jpg,1,0,2,20161219203650636.jpg.chip.jpg
122,1_0_2_20161219203724580.jpg.chip.jpg,1_0_2_20161219203724580.jpg.chip.jpg,1,0,2,20161219203724580.jpg.chip.jpg
123,1_0_2_20161219204151442.jpg.chip.jpg,1_0_2_20161219204151442.jpg.chip.jpg,1,0,2,20161219204151442.jpg.chip.jpg
124,1_0_2_20161219204409620.jpg.chip.jpg,1_0_2_20161219204409620.jpg.chip.jpg,1,0,2,20161219204409620.jpg.chip.jpg
125,1_0_2_20161219204836612.jpg.chip.jpg,1_0_2_20161219204836612.jpg.chip.jpg,1,0,2,20161219204836612.jpg.chip.jpg
126,1_0_2_20161219204848341.jpg.chip.jpg,1_0_2_20161219204848341.jpg.chip.jpg,1,0,2,20161219204848341.jpg.chip.jpg
127,1_0_2_20161219204858548.jpg.chip.jpg,1_0_2_20161219204858548.jpg.chip.jpg,1,0,2,20161219204858548.jpg.chip.jpg
128,1_0_2_20161219204951309.jpg.chip.jpg,1_0_2_20161219204951309.jpg.chip.jpg,1,0,2,20161219204951309.jpg.chip.jpg
129,1_0_2_20161219205016902.jpg.chip.jpg,1_0_2_20161219205016902.jpg.chip.jpg,1,0,2,20161219205016902.jpg.chip.jpg
130,1_0_2_20161219205225773.jpg.chip.jpg,1_0_2_20161219205225773.jpg.chip.jpg,1,0,2,20161219205225773.jpg.chip.jpg
131,1_0_2_20161219205717701.jpg.chip.jpg,1_0_2_20161219205717701.jpg.chip.jpg,1,0,2,20161219205717701.jpg.chip.jpg
132,1_0_2_20161219210310309.jpg.chip.jpg,1_0_2_20161219210310309.jpg.chip.jpg,1,0,2,20161219210310309.jpg.chip.jpg
133,1_0_2_20161219210754437.jpg.chip.jpg,1_0_2_20161219210754437.jpg.chip.jpg,1,0,2,20161219210754437.jpg.chip.jpg
134,1_0_2_20161219211407518.jpg.chip.jpg,1_0_2_20161219211407518.jpg.chip.jpg,1,0,2,20161219211407518.jpg.chip.jpg
135,1_0_2_20161219211505437.jpg.chip.jpg,1_0_2_20161219211505437.jpg.chip.jpg,1,0,2,20161219211505437.jpg.chip.jpg
136,1_0_2_20161219211706614.jpg.chip.jpg,1_0_2_20161219211706614.jpg.chip.jpg,1,0,2,20161219211706614.jpg.chip.jpg
137,1_0_2_20161219212516942.jpg.chip.jpg,1_0_2_20161219212516942.jpg.chip.jpg,1,0,2,20161219212516942.jpg.chip.jpg
138,1_0_2_20161219212557190.jpg.chip.jpg,1_0_2_20161219212557190.jpg.chip.jpg,1,0,2,20161219212557190.jpg.chip.jpg
139,1_0_2_20161219213454832.jpg.chip.jpg,1_0_2_20161219213454832.jpg.chip.jpg,1,0,2,20161219213454832.jpg.chip.jpg
140,1_0_2_20161219220503943.jpg.chip.jpg,1_0_2_20161219220503943.jpg.chip.jpg,1,0,2,20161219220503943.jpg.chip.jpg
141,1_0_2_20161219221744255.jpg.chip.jpg,1_0_2_20161219221744255.jpg.chip.jpg,1,0,2,20161219221744255.jpg.chip.jpg
142,1_0_2_20161219221912695.jpg.chip.jpg,1_0_2_20161219221912695.jpg.chip.jpg,1,0,2,20161219221912695.jpg.chip.jpg
143,1_0_2_20161219222014119.jpg.chip.jpg,1_0_2_20161219222014119.jpg.chip.jpg,1,0,2,20161219222014119.jpg.chip.jpg
144,1_0_2_20161219222456375.jpg.chip.jpg,1_0_2_20161219222456375.jpg.chip.jpg,1,0,2,20161219222456375.jpg.chip.jpg
145,1_0_2_20161219222527222.jpg.chip.jpg,1_0_2_20161219222527222.jpg.chip.jpg,1,0,2,20161219222527222.jpg.chip.jpg
146,1_0_2_20161219222749039.jpg.chip.jpg,1_0_2_20161219222749039.jpg.chip.jpg,1,0,2,20161219222749039.jpg.chip.jpg
147,1_0_2_20170109191209991.jpg.chip.jpg,1_0_2_20170109191209991.jpg.chip.jpg,1,0,2,20170109191209991.jpg.chip.jpg
148,1_0_2_20170109191453449.jpg.chip.jpg,1_0_2_20170109191453449.jpg.chip.jpg,1,0,2,20170109191453449.jpg.chip.jpg
149,1_0_2_20170109193535757.jpg.chip.jpg,1_0_2_20170109193535757.jpg.chip.jpg,1,0,2,20170109193535757.jpg.chip.jpg
150,1_0_2_20170110212743721.jpg.chip.jpg,1_0_2_20170110212743721.jpg.chip.jpg,1,0,2,20170110212743721.jpg.chip.jpg
151,1_0_3_20161219224423280.jpg.chip.jpg,1_0_3_20161219224423280.jpg.chip.jpg,1,0,3,20161219224423280.jpg.chip.jpg
152,1_0_3_20161219224655512.jpg.chip.jpg,1_0_3_20161219224655512.jpg.chip.jpg,1,0,3,20161219224655512.jpg.chip.jpg
153,1_0_3_20161219224917304.jpg.chip.jpg,1_0_3_20161219224917304.jpg.chip.jpg,1,0,3,20161219224917304.jpg.chip.jpg
154,1_0_3_20161219224942305.jpg.chip.jpg,1_0_3_20161219224942305.jpg.chip.jpg,1,0,3,20161219224942305.jpg.chip.jpg
155,1_0_3_20161219224956400.jpg.chip.jpg,1_0_3_20161219224956400.jpg.chip.jpg,1,0,3,20161219224956400.jpg.chip.jpg
156,1_0_3_20161219225021361.jpg.chip.jpg,1_0_3_20161219225021361.jpg.chip.jpg,1,0,3,20161219225021361.jpg.chip.jpg
157,1_0_3_20161219225116535.jpg.chip.jpg,1_0_3_20161219225116535.jpg.chip.jpg,1,0,3,20161219225116535.jpg.chip.jpg
158,1_0_3_20161219225445327.jpg.chip.jpg,1_0_3_20161219225445327.jpg.chip.jpg,1,0,3,20161219225445327.jpg.chip.jpg
159,1_0_3_20161219225721496.jpg.chip.jpg,1_0_3_20161219225721496.jpg.chip.jpg,1,0,3,20161219225721496.jpg.chip.jpg
160,1_0_3_20161219225900970.jpg.chip.jpg,1_0_3_20161219225900970.jpg.chip.jpg,1,0,3,20161219225900970.jpg.chip.jpg
161,1_0_3_20161219230224536.jpg.chip.jpg,1_0_3_20161219230224536.jpg.chip.jpg,1,0,3,20161219230224536.jpg.chip.jpg
162,1_0_3_20161219230232072.jpg.chip.jpg,1_0_3_20161219230232072.jpg.chip.jpg,1,0,3,20161219230232072.jpg.chip.jpg
163,1_0_3_20161219230642504.jpg.chip.jpg,1_0_3_20161219230642504.jpg.chip.jpg,1,0,3,20161219230642504.jpg.chip.jpg
164,1_0_3_20161219230651432.jpg.chip.jpg,1_0_3_20161219230651432.jpg.chip.jpg,1,0,3,20161219230651432.jpg.chip.jpg
165,1_0_3_20161220143117879.jpg.chip.jpg,1_0_3_20161220143117879.jpg.chip.jpg,1,0,3,20161220143117879.jpg.chip.jpg
166,1_0_3_20161220144429119.jpg.chip.jpg,1_0_3_20161220144429119.jpg.chip.jpg,1,0,3,20161220144429119.jpg.chip.jpg
167,1_0_3_20161220144949223.jpg.chip.jpg,1_0_3_20161220144949223.jpg.chip.jpg,1,0,3,20161220144949223.jpg.chip.jpg
168,1_0_3_20161220145416255.jpg.chip.jpg,1_0_3_20161220145416255.jpg.chip.jpg,1,0,3,20161220145416255.jpg.chip.jpg
169,1_0_3_20161220220154425.jpg.chip.jpg,1_0_3_20161220220154425.jpg.chip.jpg,1,0,3,20161220220154425.jpg.chip.jpg
170,1_0_3_20161220220418690.jpg.chip.jpg,1_0_3_20161220220418690.jpg.chip.jpg,1,0,3,20161220220418690.jpg.chip.jpg
171,1_0_3_20161220220529033.jpg.chip.jpg,1_0_3_20161220220529033.jpg.chip.jpg,1,0,3,20161220220529033.jpg.chip.jpg
172,1_0_3_20161220220544050.jpg.chip.jpg,1_0_3_20161220220544050.jpg.chip.jpg,1,0,3,20161220220544050.jpg.chip.jpg
173,1_0_3_20161220220606705.jpg.chip.jpg,1_0_3_20161220220606705.jpg.chip.jpg,1,0,3,20161220220606705.jpg.chip.jpg
174,1_0_3_20161220222436891.jpg.chip.jpg,1_0_3_20161220222436891.jpg.chip.jpg,1,0,3,20161220222436891.jpg.chip.jpg
175,1_0_3_20161220222441595.jpg.chip.jpg,1_0_3_20161220222441595.jpg.chip.jpg,1,0,3,20161220222441595.jpg.chip.jpg
176,1_0_3_20161220222642427.jpg.chip.jpg,1_0_3_20161220222642427.jpg.chip.jpg,1,0,3,20161220222642427.jpg.chip.jpg
177,1_0_3_20161220223225003.jpg.chip.jpg,1_0_3_20161220223225003.jpg.chip.jpg,1,0,3,20161220223225003.jpg.chip.jpg
178,1_0_4_20161219195147803.jpg.chip.jpg,1_0_4_20161219195147803.jpg.chip.jpg,1,0,4,20161219195147803.jpg.chip.jpg
179,1_0_4_20161221192555965.jpg.chip.jpg,1_0_4_20161221192555965.jpg.chip.jpg,1,0,4,20161221192555965.jpg.chip.jpg
180,1_0_4_20161221192558436.jpg.chip.jpg,1_0_4_20161221192558436.jpg.chip.jpg,1,0,4,20161221192558436.jpg.chip.jpg
181,1_0_4_20161221192604164.jpg.chip.jpg,1_0_4_20161221192604164.jpg.chip.jpg,1,0,4,20161221192604164.jpg.chip.jpg
182,1_0_4_20161221193041157.jpg.chip.jpg,1_0_4_20161221193041157.jpg.chip.jpg,1,0,4,20161221193041157.jpg.chip.jpg
183,1_0_4_20161221193434166.jpg.chip.jpg,1_0_4_20161221193434166.jpg.chip.jpg,1,0,4,20161221193434166.jpg.chip.jpg
184,1_0_4_20161221195047839.jpg.chip.jpg,1_0_4_20161221195047839.jpg.chip.jpg,1,0,4,20161221195047839.jpg.chip.jpg
185,1_0_4_20161221195827599.jpg.chip.jpg,1_0_4_20161221195827599.jpg.chip.jpg,1,0,4,20161221195827599.jpg.chip.jpg
186,1_0_4_20161221201753176.jpg.chip.jpg,1_0_4_20161221201753176.jpg.chip.jpg,1,0,4,20161221201753176.jpg.chip.jpg
187,1_0_4_20161221202006449.jpg.chip.jpg,1_0_4_20161221202006449.jpg.chip.jpg,1,0,4,20161221202006449.jpg.chip.jpg
188,1_0_4_20161221202132305.jpg.chip.jpg,1_0_4_20161221202132305.jpg.chip.jpg,1,0,4,20161221202132305.jpg.chip.jpg
189,1_0_4_20161221202458409.jpg.chip.jpg,1_0_4_20161221202458409.jpg.chip.jpg,1,0,4,20161221202458409.jpg.chip.jpg
190,1_0_4_20170103202331712.jpg.chip.jpg,1_0_4_20170103202331712.jpg.chip.jpg,1,0,4,20170103202331712.jpg.chip.jpg
191,1_1_0_20161219161636014.jpg.chip.jpg,1_1_0_20161219161636014.jpg.chip.jpg,1,1,0,20161219161636014.jpg.chip.jpg
192,1_1_0_20161219201324636.jpg.chip.jpg,1_1_0_20161219201324636.jpg.chip.jpg,1,1,0,20161219201324636.jpg.chip.jpg
193,1_1_0_20161219203021180.jpg.chip.jpg,1_1_0_20161219203021180.jpg.chip.jpg,1,1,0,20161219203021180.jpg.chip.jpg
194,1_1_0_20161219204130316.jpg.chip.jpg,1_1_0_20161219204130316.jpg.chip.jpg,1,1,0,20161219204130316.jpg.chip.jpg
195,1_1_0_20161219204750596.jpg.chip.jpg,1_1_0_20161219204750596.jpg.chip.jpg,1,1,0,20161219204750596.jpg.chip.jpg
196,1_1_0_20161219205428229.jpg.chip.jpg,1_1_0_20161219205428229.jpg.chip.jpg,1,1,0,20161219205428229.jpg.chip.jpg
197,1_1_0_20161219205534526.jpg.chip.jpg,1_1_0_20161219205534526.jpg.chip.jpg,1,1,0,20161219205534526.jpg.chip.jpg
198,1_1_0_20161219225855568.jpg.chip.jpg,1_1_0_20161219225855568.jpg.chip.jpg,1,1,0,20161219225855568.jpg.chip.jpg
199,1_1_0_20161220142938007.jpg.chip.jpg,1_1_0_20161220142938007.jpg.chip.jpg,1,1,0,20161220142938007.jpg.chip.jpg
200,1_1_0_20161220220141090.jpg.chip.jpg,1_1_0_20161220220141090.jpg.chip.jpg,1,1,0,20161220220141090.jpg.chip.jpg
201,1_1_0_20161220220143105.jpg.chip.jpg,1_1_0_20161220220143105.jpg.chip.jpg,1,1,0,20161220220143105.jpg.chip.jpg
202,1_1_0_20170109190455518.jpg.chip.jpg,1_1_0_20170109190455518.jpg.chip.jpg,1,1,0,20170109190455518.jpg.chip.jpg
203,1_1_0_20170109190516994.jpg.chip.jpg,1_1_0_20170109190516994.jpg.chip.jpg,1,1,0,20170109190516994.jpg.chip.jpg
204,1_1_0_20170109190534438.jpg.chip.jpg,1_1_0_20170109190534438.jpg.chip.jpg,1,1,0,20170109190534438.jpg.chip.jpg
205,1_1_0_20170109190535640.jpg.chip.jpg,1_1_0_20170109190535640.jpg.chip.jpg,1,1,0,20170109190535640.jpg.chip.jpg
206,1_1_0_20170109190710292.jpg.chip.jpg,1_1_0_20170109190710292.jpg.chip.jpg,1,1,0,20170109190710292.jpg.chip.jpg
207,1_1_0_20170109190724839.jpg.chip.jpg,1_1_0_20170109190724839.jpg.chip.jpg,1,1,0,20170109190724839.jpg.chip.jpg
208,1_1_0_20170109190742179.jpg.chip.jpg,1_1_0_20170109190742179.jpg.chip.jpg,1,1,0,20170109190742179.jpg.chip.jpg
209,1_1_0_20170109190810090.jpg.chip.jpg,1_1_0_20170109190810090.jpg.chip.jpg,1,1,0,20170109190810090.jpg.chip.jpg
210,1_1_0_20170109190843285.jpg.chip.jpg,1_1_0_20170109190843285.jpg.chip.jpg,1,1,0,20170109190843285.jpg.chip.jpg
211,1_1_0_20170109190846125.jpg.chip.jpg,1_1_0_20170109190846125.jpg.chip.jpg,1,1,0,20170109190846125.jpg.chip.jpg
212,1_1_0_20170109190925628.jpg.chip.jpg,1_1_0_20170109190925628.jpg.chip.jpg,1,1,0,20170109190925628.jpg.chip.jpg
213,1_1_0_20170109190935139.jpg.chip.jpg,1_1_0_20170109190935139.jpg.chip.jpg,1,1,0,20170109190935139.jpg.chip.jpg
214,1_1_0_20170109190936410.jpg.chip.jpg,1_1_0_20170109190936410.jpg.chip.jpg,1,1,0,20170109190936410.jpg.chip.jpg
215,1_1_0_20170109190937434.jpg.chip.jpg,1_1_0_20170109190937434.jpg.chip.jpg,1,1,0,20170109190937434.jpg.chip.jpg
216,1_1_0_20170109191021631.jpg.chip.jpg,1_1_0_20170109191021631.jpg.chip.jpg,1,1,0,20170109191021631.jpg.chip.jpg
217,1_1_0_20170109191023360.jpg.chip.jpg,1_1_0_20170109191023360.jpg.chip.jpg,1,1,0,20170109191023360.jpg.chip.jpg
218,1_1_0_20170109191129918.jpg.chip.jpg,1_1_0_20170109191129918.jpg.chip.jpg,1,1,0,20170109191129918.jpg.chip.jpg
219,1_1_0_20170109191148861.jpg.chip.jpg,1_1_0_20170109191148861.jpg.chip.jpg,1,1,0,20170109191148861.jpg.chip.jpg
220,1_1_0_20170109191156705.jpg.chip.jpg,1_1_0_20170109191156705.jpg.chip.jpg,1,1,0,20170109191156705.jpg.chip.jpg
221,1_1_0_20170109191232555.jpg.chip.jpg,1_1_0_20170109191232555.jpg.chip.jpg,1,1,0,20170109191232555.jpg.chip.jpg
222,1_1_0_20170109191709485.jpg.chip.jpg,1_1_0_20170109191709485.jpg.chip.jpg,1,1,0,20170109191709485.jpg.chip.jpg
223,1_1_0_20170109191817067.jpg.chip.jpg,1_1_0_20170109191817067.jpg.chip.jpg,1,1,0,20170109191817067.jpg.chip.jpg
224,1_1_0_20170109192051442.jpg.chip.jpg,1_1_0_20170109192051442.jpg.chip.jpg,1,1,0,20170109192051442.jpg.chip.jpg
225,1_1_0_20170109192159501.jpg.chip.jpg,1_1_0_20170109192159501.jpg.chip.jpg,1,1,0,20170109192159501.jpg.chip.jpg
226,1_1_0_20170109192442932.jpg.chip.jpg,1_1_0_20170109192442932.jpg.chip.jpg,1,1,0,20170109192442932.jpg.chip.jpg
227,1_1_0_20170109192729677.jpg.chip.jpg,1_1_0_20170109192729677.jpg.chip.jpg,1,1,0,20170109192729677.jpg.chip.jpg
228,1_1_0_20170109193015973.jpg.chip.jpg,1_1_0_20170109193015973.jpg.chip.jpg,1,1,0,20170109193015973.jpg.chip.jpg
229,1_1_0_20170109193408973.jpg.chip.jpg,1_1_0_20170109193408973.jpg.chip.jpg,1,1,0,20170109193408973.jpg.chip.jpg
230,1_1_0_20170109194038813.jpg.chip.jpg,1_1_0_20170109194038813.jpg.chip.jpg,1,1,0,20170109194038813.jpg.chip.jpg
231,1_1_0_20170109194131667.jpg.chip.jpg,1_1_0_20170109194131667.jpg.chip.jpg,1,1,0,20170109194131667.jpg.chip.jpg
232,1_1_0_20170109194142307.jpg.chip.jpg,1_1_0_20170109194142307.jpg.chip.jpg,1,1,0,20170109194142307.jpg.chip.jpg
233,1_1_0_20170109194143550.jpg.chip.jpg,1_1_0_20170109194143550.jpg.chip.jpg,1,1,0,20170109194143550.jpg.chip.jpg
234,1_1_0_20170109194146279.jpg.chip.jpg,1_1_0_20170109194146279.jpg.chip.jpg,1,1,0,20170109194146279.jpg.chip.jpg
235,1_1_0_20170109194212472.jpg.chip.jpg,1_1_0_20170109194212472.jpg.chip.jpg,1,1,0,20170109194212472.jpg.chip.jpg
236,1_1_0_20170109194410994.jpg.chip.jpg,1_1_0_20170109194410994.jpg.chip.jpg,1,1,0,20170109194410994.jpg.chip.jpg
237,1_1_1_20161219155940125.jpg.chip.jpg,1_1_1_20161219155940125.jpg.chip.jpg,1,1,1,20161219155940125.jpg.chip.jpg
238,1_1_1_20170109190848182.jpg.chip.jpg,1_1_1_20170109190848182.jpg.chip.jpg,1,1,1,20170109190848182.jpg.chip.jpg
239,1_1_1_20170109191050443.jpg.chip.jpg,1_1_1_20170109191050443.jpg.chip.jpg,1,1,1,20170109191050443.jpg.chip.jpg
240,1_1_1_20170109192725012.jpg.chip.jpg,1_1_1_20170109192725012.jpg.chip.jpg,1,1,1,20170109192725012.jpg.chip.jpg
241,1_1_1_20170109194545320.jpg.chip.jpg,1_1_1_20170109194545320.jpg.chip.jpg,1,1,1,20170109194545320.jpg.chip.jpg
242,1_1_1_20170109194554835.jpg.chip.jpg,1_1_1_20170109194554835.jpg.chip.jpg,1,1,1,20170109194554835.jpg.chip.jpg
243,1_1_1_20170109194626438.jpg.chip.jpg,1_1_1_20170109194626438.jpg.chip.jpg,1,1,1,20170109194626438.jpg.chip.jpg
244,1_1_1_20170109194645713.jpg.chip.jpg,1_1_1_20170109194645713.jpg.chip.jpg,1,1,1,20170109194645713.jpg.chip.jpg
245,1_1_2_20161219142106376.jpg.chip.jpg,1_1_2_20161219142106376.jpg.chip.jpg,1,1,2,20161219142106376.jpg.chip.jpg
246,1_1_2_20161219154712061.jpg.chip.jpg,1_1_2_20161219154712061.jpg.chip.jpg,1,1,2,20161219154712061.jpg.chip.jpg
247,1_1_2_20161219155353413.jpg.chip.jpg,1_1_2_20161219155353413.jpg.chip.jpg,1,1,2,20161219155353413.jpg.chip.jpg
248,1_1_2_20161219155705613.jpg.chip.jpg,1_1_2_20161219155705613.jpg.chip.jpg,1,1,2,20161219155705613.jpg.chip.jpg
249,1_1_2_20161219162419463.jpg.chip.jpg,1_1_2_20161219162419463.jpg.chip.jpg,1,1,2,20161219162419463.jpg.chip.jpg
250,1_1_2_20161219194531091.jpg.chip.jpg,1_1_2_20161219194531091.jpg.chip.jpg,1,1,2,20161219194531091.jpg.chip.jpg
251,1_1_2_20161219194655428.jpg.chip.jpg,1_1_2_20161219194655428.jpg.chip.jpg,1,1,2,20161219194655428.jpg.chip.jpg
252,1_1_2_20161219194839971.jpg.chip.jpg,1_1_2_20161219194839971.jpg.chip.jpg,1,1,2,20161219194839971.jpg.chip.jpg
253,1_1_2_20161219200100707.jpg.chip.jpg,1_1_2_20161219200100707.jpg.chip.jpg,1,1,2,20161219200100707.jpg.chip.jpg
254,1_1_2_20161219200119571.jpg.chip.jpg,1_1_2_20161219200119571.jpg.chip.jpg,1,1,2,20161219200119571.jpg.chip.jpg
255,1_1_2_20161219200152877.jpg.chip.jpg,1_1_2_20161219200152877.jpg.chip.jpg,1,1,2,20161219200152877.jpg.chip.jpg
256,1_1_2_20161219200456451.jpg.chip.jpg,1_1_2_20161219200456451.jpg.chip.jpg,1,1,2,20161219200456451.jpg.chip.jpg
257,1_1_2_20161219200539420.jpg.chip.jpg,1_1_2_20161219200539420.jpg.chip.jpg,1,1,2,20161219200539420.jpg.chip.jpg
258,1_1_2_20161219202106997.jpg.chip.jpg,1_1_2_20161219202106997.jpg.chip.jpg,1,1,2,20161219202106997.jpg.chip.jpg
259,1_1_2_20161219202727078.jpg.chip.jpg,1_1_2_20161219202727078.jpg.chip.jpg,1,1,2,20161219202727078.jpg.chip.jpg
260,1_1_2_20161219202945116.jpg.chip.jpg,1_1_2_20161219202945116.jpg.chip.jpg,1,1,2,20161219202945116.jpg.chip.jpg
261,1_1_2_20161219203318222.jpg.chip.jpg,1_1_2_20161219203318222.jpg.chip.jpg,1,1,2,20161219203318222.jpg.chip.jpg
262,1_1_2_20161219204523605.jpg.chip.jpg,1_1_2_20161219204523605.jpg.chip.jpg,1,1,2,20161219204523605.jpg.chip.jpg
263,1_1_2_20161219205048452.jpg.chip.jpg,1_1_2_20161219205048452.jpg.chip.jpg,1,1,2,20161219205048452.jpg.chip.jpg
264,1_1_2_20161219205233581.jpg.chip.jpg,1_1_2_20161219205233581.jpg.chip.jpg,1,1,2,20161219205233581.jpg.chip.jpg
265,1_1_2_20161219205821918.jpg.chip.jpg,1_1_2_20161219205821918.jpg.chip.jpg,1,1,2,20161219205821918.jpg.chip.jpg
266,1_1_2_20161219210324181.jpg.chip.jpg,1_1_2_20161219210324181.jpg.chip.jpg,1,1,2,20161219210324181.jpg.chip.jpg
267,1_1_2_20161219210955701.jpg.chip.jpg,1_1_2_20161219210955701.jpg.chip.jpg,1,1,2,20161219210955701.jpg.chip.jpg
268,1_1_2_20161219211002173.jpg.chip.jpg,1_1_2_20161219211002173.jpg.chip.jpg,1,1,2,20161219211002173.jpg.chip.jpg
269,1_1_2_20161219211944925.jpg.chip.jpg,1_1_2_20161219211944925.jpg.chip.jpg,1,1,2,20161219211944925.jpg.chip.jpg
270,1_1_2_20161219220519457.jpg.chip.jpg,1_1_2_20161219220519457.jpg.chip.jpg,1,1,2,20161219220519457.jpg.chip.jpg
271,1_1_2_20161219220631367.jpg.chip.jpg,1_1_2_20161219220631367.jpg.chip.jpg,1,1,2,20161219220631367.jpg.chip.jpg
272,1_1_2_20161219221229279.jpg.chip.jpg,1_1_2_20161219221229279.jpg.chip.jpg,1,1,2,20161219221229279.jpg.chip.jpg
273,1_1_2_20161219221241583.jpg.chip.jpg,1_1_2_20161219221241583.jpg.chip.jpg,1,1,2,20161219221241583.jpg.chip.jpg
274,1_1_2_20161220220018380.jpg.chip.jpg,1_1_2_20161220220018380.jpg.chip.jpg,1,1,2,20161220220018380.jpg.chip.jpg
275,1_1_2_20170109193557242.jpg.chip.jpg,1_1_2_20170109193557242.jpg.chip.jpg,1,1,2,20170109193557242.jpg.chip.jpg
276,1_1_3_20161219224553880.jpg.chip.jpg,1_1_3_20161219224553880.jpg.chip.jpg,1,1,3,20161219224553880.jpg.chip.jpg
277,1_1_3_20161219224753152.jpg.chip.jpg,1_1_3_20161219224753152.jpg.chip.jpg,1,1,3,20161219224753152.jpg.chip.jpg
278,1_1_3_20161219224951912.jpg.chip.jpg,1_1_3_20161219224951912.jpg.chip.jpg,1,1,3,20161219224951912.jpg.chip.jpg
279,1_1_3_20161219230507432.jpg.chip.jpg,1_1_3_20161219230507432.jpg.chip.jpg,1,1,3,20161219230507432.jpg.chip.jpg
280,1_1_3_20161220143111349.jpg.chip.jpg,1_1_3_20161220143111349.jpg.chip.jpg,1,1,3,20161220143111349.jpg.chip.jpg
281,1_1_3_20161220143213583.jpg.chip.jpg,1_1_3_20161220143213583.jpg.chip.jpg,1,1,3,20161220143213583.jpg.chip.jpg
282,1_1_3_20161220143239294.jpg.chip.jpg,1_1_3_20161220143239294.jpg.chip.jpg,1,1,3,20161220143239294.jpg.chip.jpg
283,1_1_3_20161220143313302.jpg.chip.jpg,1_1_3_20161220143313302.jpg.chip.jpg,1,1,3,20161220143313302.jpg.chip.jpg
284,1_1_3_20161220220045185.jpg.chip.jpg,1_1_3_20161220220045185.jpg.chip.jpg,1,1,3,20161220220045185.jpg.chip.jpg
285,1_1_3_20161220220216145.jpg.chip.jpg,1_1_3_20161220220216145.jpg.chip.jpg,1,1,3,20161220220216145.jpg.chip.jpg
286,1_1_3_20161220220219634.jpg.chip.jpg,1_1_3_20161220220219634.jpg.chip.jpg,1,1,3,20161220220219634.jpg.chip.jpg
287,1_1_3_20161220220521921.jpg.chip.jpg,1_1_3_20161220220521921.jpg.chip.jpg,1,1,3,20161220220521921.jpg.chip.jpg
288,1_1_3_20161220220536274.jpg.chip.jpg,1_1_3_20161220220536274.jpg.chip.jpg,1,1,3,20161220220536274.jpg.chip.jpg
289,1_1_3_20161220220541057.jpg.chip.jpg,1_1_3_20161220220541057.jpg.chip.jpg,1,1,3,20161220220541057.jpg.chip.jpg
290,1_1_3_20161220220708394.jpg.chip.jpg,1_1_3_20161220220708394.jpg.chip.jpg,1,1,3,20161220220708394.jpg.chip.jpg
291,1_1_3_20161220222128210.jpg.chip.jpg,1_1_3_20161220222128210.jpg.chip.jpg,1,1,3,20161220222128210.jpg.chip.jpg
292,1_1_3_20161220222647563.jpg.chip.jpg,1_1_3_20161220222647563.jpg.chip.jpg,1,1,3,20161220222647563.jpg.chip.jpg
293,1_1_4_20161221192629892.jpg.chip.jpg,1_1_4_20161221192629892.jpg.chip.jpg,1,1,4,20161221192629892.jpg.chip.jpg
294,1_1_4_20161221192832972.jpg.chip.jpg,1_1_4_20161221192832972.jpg.chip.jpg,1,1,4,20161221192832972.jpg.chip.jpg
295,1_1_4_20161221192837420.jpg.chip.jpg,1_1_4_20161221192837420.jpg.chip.jpg,1,1,4,20161221192837420.jpg.chip.jpg
296,1_1_4_20161221193459566.jpg.chip.jpg,1_1_4_20161221193459566.jpg.chip.jpg,1,1,4,20161221193459566.jpg.chip.jpg
297,1_1_4_20161221193742646.jpg.chip.jpg,1_1_4_20161221193742646.jpg.chip.jpg,1,1,4,20161221193742646.jpg.chip.jpg
298,1_1_4_20161221193743543.jpg.chip.jpg,1_1_4_20161221193743543.jpg.chip.jpg,1,1,4,20161221193743543.jpg.chip.jpg
299,1_1_4_20161221193744550.jpg.chip.jpg,1_1_4_20161221193744550.jpg.chip.jpg,1,1,4,20161221193744550.jpg.chip.jpg
300,1_1_4_20161221200103831.jpg.chip.jpg,1_1_4_20161221200103831.jpg.chip.jpg,1,1,4,20161221200103831.jpg.chip.jpg
301,1_1_4_20161221201729160.jpg.chip.jpg,1_1_4_20161221201729160.jpg.chip.jpg,1,1,4,20161221201729160.jpg.chip.jpg
302,1_1_4_20161221202254377.jpg.chip.jpg,1_1_4_20161221202254377.jpg.chip.jpg,1,1,4,20161221202254377.jpg.chip.jpg
303,1_1_4_20170103204831032.jpg.chip.jpg,1_1_4_20170103204831032.jpg.chip.jpg,1,1,4,20170103204831032.jpg.chip.jpg
304,1_1_4_20170103212217155.jpg.chip.jpg,1_1_4_20170103212217155.jpg.chip.jpg,1,1,4,20170103212217155.jpg.chip.jpg
305,1_1_4_20170109193346573.jpg.chip.jpg,1_1_4_20170109193346573.jpg.chip.jpg,1,1,4,20170109193346573.jpg.chip.jpg
306,1_1_4_20170109193938953.jpg.chip.jpg,1_1_4_20170109193938953.jpg.chip.jpg,1,1,4,20170109193938953.jpg.chip.jpg
307,2_0_0_20161219154439741.jpg.chip.jpg,2_0_0_20161219154439741.jpg.chip.jpg,2,0,0,20161219154439741.jpg.chip.jpg
308,2_0_0_20170103205800494.jpg.chip.jpg,2_0_0_20170103205800494.jpg.chip.jpg,2,0,0,20170103205800494.jpg.chip.jpg
309,2_0_0_20170109190947004.jpg.chip.jpg,2_0_0_20170109190947004.jpg.chip.jpg,2,0,0,20170109190947004.jpg.chip.jpg
310,2_0_0_20170109191008066.jpg.chip.jpg,2_0_0_20170109191008066.jpg.chip.jpg,2,0,0,20170109191008066.jpg.chip.jpg
311,2_0_0_20170109193935916.jpg.chip.jpg,2_0_0_20170109193935916.jpg.chip.jpg,2,0,0,20170109193935916.jpg.chip.jpg
312,2_0_0_20170109194104628.jpg.chip.jpg,2_0_0_20170109194104628.jpg.chip.jpg,2,0,0,20170109194104628.jpg.chip.jpg
313,2_0_0_20170110211457583.jpg.chip.jpg,2_0_0_20170110211457583.jpg.chip.jpg,2,0,0,20170110211457583.jpg.chip.jpg
314,2_0_0_20170110211504184.jpg.chip.jpg,2_0_0_20170110211504184.jpg.chip.jpg,2,0,0,20170110211504184.jpg.chip.jpg
315,2_0_0_20170110211511626.jpg.chip.jpg,2_0_0_20170110211511626.jpg.chip.jpg,2,0,0,20170110211511626.jpg.chip.jpg
316,2_0_0_20170110212644094.jpg.chip.jpg,2_0_0_20170110212644094.jpg.chip.jpg,2,0,0,20170110212644094.jpg.chip.jpg
317,2_0_0_20170110212852343.jpg.chip.jpg,2_0_0_20170110212852343.jpg.chip.jpg,2,0,0,20170110212852343.jpg.chip.jpg
318,2_0_0_20170110212901886.jpg.chip.jpg,2_0_0_20170110212901886.jpg.chip.jpg,2,0,0,20170110212901886.jpg.chip.jpg
319,2_0_0_20170110212905173.jpg.chip.jpg,2_0_0_20170110212905173.jpg.chip.jpg,2,0,0,20170110212905173.jpg.chip.jpg
320,2_0_0_20170110213146269.jpg.chip.jpg,2_0_0_20170110213146269.jpg.chip.jpg,2,0,0,20170110213146269.jpg.chip.jpg
321,2_0_0_20170110213227212.jpg.chip.jpg,2_0_0_20170110213227212.jpg.chip.jpg,2,0,0,20170110213227212.jpg.chip.jpg
322,2_0_0_20170110213507337.jpg.chip.jpg,2_0_0_20170110213507337.jpg.chip.jpg,2,0,0,20170110213507337.jpg.chip.jpg
323,2_0_0_20170110213639642.jpg.chip.jpg,2_0_0_20170110213639642.jpg.chip.jpg,2,0,0,20170110213639642.jpg.chip.jpg
324,2_0_0_20170110224316546.jpg.chip.jpg,2_0_0_20170110224316546.jpg.chip.jpg,2,0,0,20170110224316546.jpg.chip.jpg
325,2_0_0_20170110225218837.jpg.chip.jpg,2_0_0_20170110225218837.jpg.chip.jpg,2,0,0,20170110225218837.jpg.chip.jpg
326,2_0_1_20170110213724790.jpg.chip.jpg,2_0_1_20170110213724790.jpg.chip.jpg,2,0,1,20170110213724790.jpg.chip.jpg
327,2_0_1_20170113175826133.jpg.chip.jpg,2_0_1_20170113175826133.jpg.chip.jpg,2,0,1,20170113175826133.jpg.chip.jpg
328,2_0_2_20161219152914700.jpg.chip.jpg,2_0_2_20161219152914700.jpg.chip.jpg,2,0,2,20161219152914700.jpg.chip.jpg
329,2_0_2_20161219162132342.jpg.chip.jpg,2_0_2_20161219162132342.jpg.chip.jpg,2,0,2,20161219162132342.jpg.chip.jpg
330,2_0_2_20161219194455147.jpg.chip.jpg,2_0_2_20161219194455147.jpg.chip.jpg,2,0,2,20161219194455147.jpg.chip.jpg
331,2_0_2_20161219194955267.jpg.chip.jpg,2_0_2_20161219194955267.jpg.chip.jpg,2,0,2,20161219194955267.jpg.chip.jpg
332,2_0_2_20161219195745171.jpg.chip.jpg,2_0_2_20161219195745171.jpg.chip.jpg,2,0,2,20161219195745171.jpg.chip.jpg
333,2_0_2_20161219200225291.jpg.chip.jpg,2_0_2_20161219200225291.jpg.chip.jpg,2,0,2,20161219200225291.jpg.chip.jpg
334,2_0_2_20161219203358108.jpg.chip.jpg,2_0_2_20161219203358108.jpg.chip.jpg,2,0,2,20161219203358108.jpg.chip.jpg
335,2_0_2_20161219203828132.jpg.chip.jpg,2_0_2_20161219203828132.jpg.chip.jpg,2,0,2,20161219203828132.jpg.chip.jpg
336,2_0_2_20161219203844252.jpg.chip.jpg,2_0_2_20161219203844252.jpg.chip.jpg,2,0,2,20161219203844252.jpg.chip.jpg
337,2_0_2_20161219204037716.jpg.chip.jpg,2_0_2_20161219204037716.jpg.chip.jpg,2,0,2,20161219204037716.jpg.chip.jpg
338,2_0_2_20161219204927996.jpg.chip.jpg,2_0_2_20161219204927996.jpg.chip.jpg,2,0,2,20161219204927996.jpg.chip.jpg
339,2_0_2_20161219205134348.jpg.chip.jpg,2_0_2_20161219205134348.jpg.chip.jpg,2,0,2,20161219205134348.jpg.chip.jpg
340,2_0_2_20161219205739724.jpg.chip.jpg,2_0_2_20161219205739724.jpg.chip.jpg,2,0,2,20161219205739724.jpg.chip.jpg
341,2_0_2_20161219212035798.jpg.chip.jpg,2_0_2_20161219212035798.jpg.chip.jpg,2,0,2,20161219212035798.jpg.chip.jpg
342,2_0_2_20161219222111287.jpg.chip.jpg,2_0_2_20161219222111287.jpg.chip.jpg,2,0,2,20161219222111287.jpg.chip.jpg
343,2_0_3_20161219221730658.jpg.chip.jpg,2_0_3_20161219221730658.jpg.chip.jpg,2,0,3,20161219221730658.jpg.chip.jpg
344,2_0_3_20161219224928327.jpg.chip.jpg,2_0_3_20161219224928327.jpg.chip.jpg,2,0,3,20161219224928327.jpg.chip.jpg
345,2_0_3_20161219225201960.jpg.chip.jpg,2_0_3_20161219225201960.jpg.chip.jpg,2,0,3,20161219225201960.jpg.chip.jpg
346,2_0_3_20161220144926901.jpg.chip.jpg,2_0_3_20161220144926901.jpg.chip.jpg,2,0,3,20161220144926901.jpg.chip.jpg
347,2_0_3_20161220222446715.jpg.chip.jpg,2_0_3_20161220222446715.jpg.chip.jpg,2,0,3,20161220222446715.jpg.chip.jpg
348,2_0_4_20161221195155711.jpg.chip.jpg,2_0_4_20161221195155711.jpg.chip.jpg,2,0,4,20161221195155711.jpg.chip.jpg
349,2_0_4_20161221195159831.jpg.chip.jpg,2_0_4_20161221195159831.jpg.chip.jpg,2,0,4,20161221195159831.jpg.chip.jpg
350,2_0_4_20161221201843169.jpg.chip.jpg,2_0_4_20161221201843169.jpg.chip.jpg,2,0,4,20161221201843169.jpg.chip.jpg
351,2_0_4_20161221202432089.jpg.chip.jpg,2_0_4_20161221202432089.jpg.chip.jpg,2,0,4,20161221202432089.jpg.chip.jpg
352,2_0_4_20161221202918296.jpg.chip.jpg,2_0_4_20161221202918296.jpg.chip.jpg,2,0,4,20161221202918296.jpg.chip.jpg
353,2_0_4_20170103202421392.jpg.chip.jpg,2_0_4_20170103202421392.jpg.chip.jpg,2,0,4,20170103202421392.jpg.chip.jpg
354,2_0_4_20170103205108602.jpg.chip.jpg,2_0_4_20170103205108602.jpg.chip.jpg,2,0,4,20170103205108602.jpg.chip.jpg
355,2_0_4_20170103210452250.jpg.chip.jpg,2_0_4_20170103210452250.jpg.chip.jpg,2,0,4,20170103210452250.jpg.chip.jpg
356,2_0_4_20170103210801579.jpg.chip.jpg,2_0_4_20170103210801579.jpg.chip.jpg,2,0,4,20170103210801579.jpg.chip.jpg
357,2_1_0_20161219190909739.jpg.chip.jpg,2_1_0_20161219190909739.jpg.chip.jpg,2,1,0,20161219190909739.jpg.chip.jpg
358,2_1_0_20170109191543990.jpg.chip.jpg,2_1_0_20170109191543990.jpg.chip.jpg,2,1,0,20170109191543990.jpg.chip.jpg
359,2_1_0_20170109191548450.jpg.chip.jpg,2_1_0_20170109191548450.jpg.chip.jpg,2,1,0,20170109191548450.jpg.chip.jpg
360,2_1_0_20170109191720148.jpg.chip.jpg,2_1_0_20170109191720148.jpg.chip.jpg,2,1,0,20170109191720148.jpg.chip.jpg
361,2_1_0_20170109191803520.jpg.chip.jpg,2_1_0_20170109191803520.jpg.chip.jpg,2,1,0,20170109191803520.jpg.chip.jpg
362,2_1_0_20170109192428145.jpg.chip.jpg,2_1_0_20170109192428145.jpg.chip.jpg,2,1,0,20170109192428145.jpg.chip.jpg
363,2_1_0_20170109193339281.jpg.chip.jpg,2_1_0_20170109193339281.jpg.chip.jpg,2,1,0,20170109193339281.jpg.chip.jpg
364,2_1_0_20170109194017380.jpg.chip.jpg,2_1_0_20170109194017380.jpg.chip.jpg,2,1,0,20170109194017380.jpg.chip.jpg
365,2_1_0_20170109194125822.jpg.chip.jpg,2_1_0_20170109194125822.jpg.chip.jpg,2,1,0,20170109194125822.jpg.chip.jpg
366,2_1_0_20170109194336216.jpg.chip.jpg,2_1_0_20170109194336216.jpg.chip.jpg,2,1,0,20170109194336216.jpg.chip.jpg
367,2_1_0_20170109194419285.jpg.chip.jpg,2_1_0_20170109194419285.jpg.chip.jpg,2,1,0,20170109194419285.jpg.chip.jpg
368,2_1_0_20170110213155874.jpg.chip.jpg,2_1_0_20170110213155874.jpg.chip.jpg,2,1,0,20170110213155874.jpg.chip.jpg
369,2_1_0_20170117192801580.jpg.chip.jpg,2_1_0_20170117192801580.jpg.chip.jpg,2,1,0,20170117192801580.jpg.chip.jpg
370,2_1_1_20161219155833405.jpg.chip.jpg,2_1_1_20161219155833405.jpg.chip.jpg,2,1,1,20161219155833405.jpg.chip.jpg
371,2_1_1_20170109190549164.jpg.chip.jpg,2_1_1_20170109190549164.jpg.chip.jpg,2,1,1,20170109190549164.jpg.chip.jpg
372,2_1_1_20170109194517710.jpg.chip.jpg,2_1_1_20170109194517710.jpg.chip.jpg,2,1,1,20170109194517710.jpg.chip.jpg
373,2_1_1_20170109194558992.jpg.chip.jpg,2_1_1_20170109194558992.jpg.chip.jpg,2,1,1,20170109194558992.jpg.chip.jpg
374,2_1_1_20170109194651472.jpg.chip.jpg,2_1_1_20170109194651472.jpg.chip.jpg,2,1,1,20170109194651472.jpg.chip.jpg
375,2_1_2_20161219141231552.jpg.chip.jpg,2_1_2_20161219141231552.jpg.chip.jpg,2,1,2,20161219141231552.jpg.chip.jpg
376,2_1_2_20161219154604597.jpg.chip.jpg,2_1_2_20161219154604597.jpg.chip.jpg,2,1,2,20161219154604597.jpg.chip.jpg
377,2_1_2_20161219162237149.jpg.chip.jpg,2_1_2_20161219162237149.jpg.chip.jpg,2,1,2,20161219162237149.jpg.chip.jpg
378,2_1_2_20161219190847130.jpg.chip.jpg,2_1_2_20161219190847130.jpg.chip.jpg,2,1,2,20161219190847130.jpg.chip.jpg
379,2_1_2_20161219192330594.jpg.chip.jpg,2_1_2_20161219192330594.jpg.chip.jpg,2,1,2,20161219192330594.jpg.chip.jpg
380,2_1_2_20161219194346219.jpg.chip.jpg,2_1_2_20161219194346219.jpg.chip.jpg,2,1,2,20161219194346219.jpg.chip.jpg
381,2_1_2_20161219202825380.jpg.chip.jpg,2_1_2_20161219202825380.jpg.chip.jpg,2,1,2,20161219202825380.jpg.chip.jpg
382,2_1_2_20161219203903148.jpg.chip.jpg,2_1_2_20161219203903148.jpg.chip.jpg,2,1,2,20161219203903148.jpg.chip.jpg
383,2_1_2_20161219204046924.jpg.chip.jpg,2_1_2_20161219204046924.jpg.chip.jpg,2,1,2,20161219204046924.jpg.chip.jpg
384,2_1_2_20161219211133165.jpg.chip.jpg,2_1_2_20161219211133165.jpg.chip.jpg,2,1,2,20161219211133165.jpg.chip.jpg
385,2_1_2_20161219211625838.jpg.chip.jpg,2_1_2_20161219211625838.jpg.chip.jpg,2,1,2,20161219211625838.jpg.chip.jpg
386,2_1_2_20161219212252310.jpg.chip.jpg,2_1_2_20161219212252310.jpg.chip.jpg,2,1,2,20161219212252310.jpg.chip.jpg
387,2_1_2_20161219213559615.jpg.chip.jpg,2_1_2_20161219213559615.jpg.chip.jpg,2,1,2,20161219213559615.jpg.chip.jpg
388,2_1_3_20161219204319508.jpg.chip.jpg,2_1_3_20161219204319508.jpg.chip.jpg,2,1,3,20161219204319508.jpg.chip.jpg
389,2_1_3_20161219224725248.jpg.chip.jpg,2_1_3_20161219224725248.jpg.chip.jpg,2,1,3,20161219224725248.jpg.chip.jpg
390,2_1_3_20161219225432608.jpg.chip.jpg,2_1_3_20161219225432608.jpg.chip.jpg,2,1,3,20161219225432608.jpg.chip.jpg
391,2_1_3_20161219225606664.jpg.chip.jpg,2_1_3_20161219225606664.jpg.chip.jpg,2,1,3,20161219225606664.jpg.chip.jpg
392,2_1_3_20161220144625342.jpg.chip.jpg,2_1_3_20161220144625342.jpg.chip.jpg,2,1,3,20161220144625342.jpg.chip.jpg
393,2_1_3_20161220144846231.jpg.chip.jpg,2_1_3_20161220144846231.jpg.chip.jpg,2,1,3,20161220144846231.jpg.chip.jpg
394,2_1_3_20161220220209321.jpg.chip.jpg,2_1_3_20161220220209321.jpg.chip.jpg,2,1,3,20161220220209321.jpg.chip.jpg
395,2_1_3_20161220222013834.jpg.chip.jpg,2_1_3_20161220222013834.jpg.chip.jpg,2,1,3,20161220222013834.jpg.chip.jpg
396,2_1_3_20161220222832003.jpg.chip.jpg,2_1_3_20161220222832003.jpg.chip.jpg,2,1,3,20161220222832003.jpg.chip.jpg
397,2_1_4_20161221192715844.jpg.chip.jpg,2_1_4_20161221192715844.jpg.chip.jpg,2,1,4,20161221192715844.jpg.chip.jpg
398,2_1_4_20161221193634726.jpg.chip.jpg,2_1_4_20161221193634726.jpg.chip.jpg,2,1,4,20161221193634726.jpg.chip.jpg
399,2_1_4_20161221193638214.jpg.chip.jpg,2_1_4_20161221193638214.jpg.chip.jpg,2,1,4,20161221193638214.jpg.chip.jpg
400,2_1_4_20161221195003500.jpg.chip.jpg,2_1_4_20161221195003500.jpg.chip.jpg,2,1,4,20161221195003500.jpg.chip.jpg
401,2_1_4_20161221195222927.jpg.chip.jpg,2_1_4_20161221195222927.jpg.chip.jpg,2,1,4,20161221195222927.jpg.chip.jpg
402,2_1_4_20161221195444552.jpg.chip.jpg,2_1_4_20161221195444552.jpg.chip.jpg,2,1,4,20161221195444552.jpg.chip.jpg
403,2_1_4_20161221195838329.jpg.chip.jpg,2_1_4_20161221195838329.jpg.chip.jpg,2,1,4,20161221195838329.jpg.chip.jpg
404,2_1_4_20161221202110987.jpg.chip.jpg,2_1_4_20161221202110987.jpg.chip.jpg,2,1,4,20161221202110987.jpg.chip.jpg
405,2_1_4_20170103205101618.jpg.chip.jpg,2_1_4_20170103205101618.jpg.chip.jpg,2,1,4,20170103205101618.jpg.chip.jpg
406,2_1_4_20170103210839634.jpg.chip.jpg,2_1_4_20170103210839634.jpg.chip.jpg,2,1,4,20170103210839634.jpg.chip.jpg
407,2_1_4_20170103210934483.jpg.chip.jpg,2_1_4_20170103210934483.jpg.chip.jpg,2,1,4,20170103210934483.jpg.chip.jpg
408,2_1_4_20170103213232676.jpg.chip.jpg,2_1_4_20170103213232676.jpg.chip.jpg,2,1,4,20170103213232676.jpg.chip.jpg
409,2_1_4_20170117193349661.jpg.chip.jpg,2_1_4_20170117193349661.jpg.chip.jpg,2,1,4,20170117193349661.jpg.chip.jpg
410,3_0_0_20170109191321997.jpg.chip.jpg,3_0_0_20170109191321997.jpg.chip.jpg,3,0,0,20170109191321997.jpg.chip.jpg
411,3_0_0_20170109192415151.jpg.chip.jpg,3_0_0_20170109192415151.jpg.chip.jpg,3,0,0,20170109192415151.jpg.chip.jpg
412,3_0_0_20170110212535063.jpg.chip.jpg,3_0_0_20170110212535063.jpg.chip.jpg,3,0,0,20170110212535063.jpg.chip.jpg
413,3_0_0_20170110212548876.jpg.chip.jpg,3_0_0_20170110212548876.jpg.chip.jpg,3,0,0,20170110212548876.jpg.chip.jpg
414,3_0_0_20170110212729799.jpg.chip.jpg,3_0_0_20170110212729799.jpg.chip.jpg,3,0,0,20170110212729799.jpg.chip.jpg
415,3_0_0_20170110212754904.jpg.chip.jpg,3_0_0_20170110212754904.jpg.chip.jpg,3,0,0,20170110212754904.jpg.chip.jpg
416,3_0_0_20170110212855714.jpg.chip.jpg,3_0_0_20170110212855714.jpg.chip.jpg,3,0,0,20170110212855714.jpg.chip.jpg
417,3_0_0_20170110213041017.jpg.chip.jpg,3_0_0_20170110213041017.jpg.chip.jpg,3,0,0,20170110213041017.jpg.chip.jpg
418,3_0_0_20170110213048070.jpg.chip.jpg,3_0_0_20170110213048070.jpg.chip.jpg,3,0,0,20170110213048070.jpg.chip.jpg
419,3_0_0_20170110213243664.jpg.chip.jpg,3_0_0_20170110213243664.jpg.chip.jpg,3,0,0,20170110213243664.jpg.chip.jpg
420,3_0_0_20170110213436047.jpg.chip.jpg,3_0_0_20170110213436047.jpg.chip.jpg,3,0,0,20170110213436047.jpg.chip.jpg
421,3_0_1_20170119145547519.jpg.chip.jpg,3_0_1_20170119145547519.jpg.chip.jpg,3,0,1,20170119145547519.jpg.chip.jpg
422,3_0_2_20161219141852353.jpg.chip.jpg,3_0_2_20161219141852353.jpg.chip.jpg,3,0,2,20161219141852353.jpg.chip.jpg
423,3_0_2_20161219142512185.jpg.chip.jpg,3_0_2_20161219142512185.jpg.chip.jpg,3,0,2,20161219142512185.jpg.chip.jpg
424,3_0_2_20161219160003893.jpg.chip.jpg,3_0_2_20161219160003893.jpg.chip.jpg,3,0,2,20161219160003893.jpg.chip.jpg
425,3_0_2_20161219190020899.jpg.chip.jpg,3_0_2_20161219190020899.jpg.chip.jpg,3,0,2,20161219190020899.jpg.chip.jpg
426,3_0_2_20161219190447811.jpg.chip.jpg,3_0_2_20161219190447811.jpg.chip.jpg,3,0,2,20161219190447811.jpg.chip.jpg
427,3_0_2_20161219204644036.jpg.chip.jpg,3_0_2_20161219204644036.jpg.chip.jpg,3,0,2,20161219204644036.jpg.chip.jpg
428,3_0_2_20161219204727005.jpg.chip.jpg,3_0_2_20161219204727005.jpg.chip.jpg,3,0,2,20161219204727005.jpg.chip.jpg
429,3_0_2_20161219210918485.jpg.chip.jpg,3_0_2_20161219210918485.jpg.chip.jpg,3,0,2,20161219210918485.jpg.chip.jpg
430,3_0_2_20161219221758967.jpg.chip.jpg,3_0_2_20161219221758967.jpg.chip.jpg,3,0,2,20161219221758967.jpg.chip.jpg
431,3_0_3_20161220145007862.jpg.chip.jpg,3_0_3_20161220145007862.jpg.chip.jpg,3,0,3,20161220145007862.jpg.chip.jpg
432,3_0_3_20161220145012367.jpg.chip.jpg,3_0_3_20161220145012367.jpg.chip.jpg,3,0,3,20161220145012367.jpg.chip.jpg
433,3_0_3_20161220145539630.jpg.chip.jpg,3_0_3_20161220145539630.jpg.chip.jpg,3,0,3,20161220145539630.jpg.chip.jpg
434,3_0_3_20161220222637579.jpg.chip.jpg,3_0_3_20161220222637579.jpg.chip.jpg,3,0,3,20161220222637579.jpg.chip.jpg
435,3_1_0_20161219204602748.jpg.chip.jpg,3_1_0_20161219204602748.jpg.chip.jpg,3,1,0,20161219204602748.jpg.chip.jpg
436,3_1_0_20161219205155700.jpg.chip.jpg,3_1_0_20161219205155700.jpg.chip.jpg,3,1,0,20161219205155700.jpg.chip.jpg
437,3_1_0_20161219205449493.jpg.chip.jpg,3_1_0_20161219205449493.jpg.chip.jpg,3,1,0,20161219205449493.jpg.chip.jpg
438,3_1_0_20170109190525069.jpg.chip.jpg,3_1_0_20170109190525069.jpg.chip.jpg,3,1,0,20170109190525069.jpg.chip.jpg
439,3_1_0_20170109190919498.jpg.chip.jpg,3_1_0_20170109190919498.jpg.chip.jpg,3,1,0,20170109190919498.jpg.chip.jpg
440,3_1_0_20170109191013750.jpg.chip.jpg,3_1_0_20170109191013750.jpg.chip.jpg,3,1,0,20170109191013750.jpg.chip.jpg
441,3_1_0_20170109191527360.jpg.chip.jpg,3_1_0_20170109191527360.jpg.chip.jpg,3,1,0,20170109191527360.jpg.chip.jpg
442,3_1_0_20170109191755912.jpg.chip.jpg,3_1_0_20170109191755912.jpg.chip.jpg,3,1,0,20170109191755912.jpg.chip.jpg
443,3_1_0_20170109191958848.jpg.chip.jpg,3_1_0_20170109191958848.jpg.chip.jpg,3,1,0,20170109191958848.jpg.chip.jpg
444,3_1_0_20170109192027975.jpg.chip.jpg,3_1_0_20170109192027975.jpg.chip.jpg,3,1,0,20170109192027975.jpg.chip.jpg
445,3_1_0_20170109192130439.jpg.chip.jpg,3_1_0_20170109192130439.jpg.chip.jpg,3,1,0,20170109192130439.jpg.chip.jpg
446,3_1_0_20170109192346475.jpg.chip.jpg,3_1_0_20170109192346475.jpg.chip.jpg,3,1,0,20170109192346475.jpg.chip.jpg
447,3_1_0_20170109192434126.jpg.chip.jpg,3_1_0_20170109192434126.jpg.chip.jpg,3,1,0,20170109192434126.jpg.chip.jpg
448,3_1_0_20170109192746527.jpg.chip.jpg,3_1_0_20170109192746527.jpg.chip.jpg,3,1,0,20170109192746527.jpg.chip.jpg
449,3_1_0_20170109192750346.jpg.chip.jpg,3_1_0_20170109192750346.jpg.chip.jpg,3,1,0,20170109192750346.jpg.chip.jpg
450,3_1_0_20170109193047806.jpg.chip.jpg,3_1_0_20170109193047806.jpg.chip.jpg,3,1,0,20170109193047806.jpg.chip.jpg
451,3_1_0_20170109193055962.jpg.chip.jpg,3_1_0_20170109193055962.jpg.chip.jpg,3,1,0,20170109193055962.jpg.chip.jpg
452,3_1_0_20170109193129215.jpg.chip.jpg,3_1_0_20170109193129215.jpg.chip.jpg,3,1,0,20170109193129215.jpg.chip.jpg
453,3_1_0_20170109193351934.jpg.chip.jpg,3_1_0_20170109193351934.jpg.chip.jpg,3,1,0,20170109193351934.jpg.chip.jpg
454,3_1_0_20170109193421750.jpg.chip.jpg,3_1_0_20170109193421750.jpg.chip.jpg,3,1,0,20170109193421750.jpg.chip.jpg
455,3_1_0_20170109194109844.jpg.chip.jpg,3_1_0_20170109194109844.jpg.chip.jpg,3,1,0,20170109194109844.jpg.chip.jpg
456,3_1_0_20170110213238474.jpg.chip.jpg,3_1_0_20170110213238474.jpg.chip.jpg,3,1,0,20170110213238474.jpg.chip.jpg
457,3_1_1_20170109194603673.jpg.chip.jpg,3_1_1_20170109194603673.jpg.chip.jpg,3,1,1,20170109194603673.jpg.chip.jpg
458,3_1_1_20170109194610208.jpg.chip.jpg,3_1_1_20170109194610208.jpg.chip.jpg,3,1,1,20170109194610208.jpg.chip.jpg
459,3_1_1_20170109194619954.jpg.chip.jpg,3_1_1_20170109194619954.jpg.chip.jpg,3,1,1,20170109194619954.jpg.chip.jpg
460,3_1_2_20161219141511144.jpg.chip.jpg,3_1_2_20161219141511144.jpg.chip.jpg,3,1,2,20161219141511144.jpg.chip.jpg
461,3_1_2_20161219151448835.jpg.chip.jpg,3_1_2_20161219151448835.jpg.chip.jpg,3,1,2,20161219151448835.jpg.chip.jpg
462,3_1_2_20161219154059420.jpg.chip.jpg,3_1_2_20161219154059420.jpg.chip.jpg,3,1,2,20161219154059420.jpg.chip.jpg
463,3_1_2_20161219155004341.jpg.chip.jpg,3_1_2_20161219155004341.jpg.chip.jpg,3,1,2,20161219155004341.jpg.chip.jpg
464,3_1_2_20161219155421253.jpg.chip.jpg,3_1_2_20161219155421253.jpg.chip.jpg,3,1,2,20161219155421253.jpg.chip.jpg
465,3_1_2_20161219155423541.jpg.chip.jpg,3_1_2_20161219155423541.jpg.chip.jpg,3,1,2,20161219155423541.jpg.chip.jpg
466,3_1_2_20161219155614821.jpg.chip.jpg,3_1_2_20161219155614821.jpg.chip.jpg,3,1,2,20161219155614821.jpg.chip.jpg
467,3_1_2_20161219160306229.jpg.chip.jpg,3_1_2_20161219160306229.jpg.chip.jpg,3,1,2,20161219160306229.jpg.chip.jpg
468,3_1_2_20161219162739430.jpg.chip.jpg,3_1_2_20161219162739430.jpg.chip.jpg,3,1,2,20161219162739430.jpg.chip.jpg
469,3_1_2_20161219162958110.jpg.chip.jpg,3_1_2_20161219162958110.jpg.chip.jpg,3,1,2,20161219162958110.jpg.chip.jpg
470,3_1_2_20161219192119762.jpg.chip.jpg,3_1_2_20161219192119762.jpg.chip.jpg,3,1,2,20161219192119762.jpg.chip.jpg
471,3_1_2_20161219195114043.jpg.chip.jpg,3_1_2_20161219195114043.jpg.chip.jpg,3,1,2,20161219195114043.jpg.chip.jpg
472,3_1_2_20161219195325019.jpg.chip.jpg,3_1_2_20161219195325019.jpg.chip.jpg,3,1,2,20161219195325019.jpg.chip.jpg
473,3_1_2_20161219204608087.jpg.chip.jpg,3_1_2_20161219204608087.jpg.chip.jpg,3,1,2,20161219204608087.jpg.chip.jpg
474,3_1_2_20161219205437357.jpg.chip.jpg,3_1_2_20161219205437357.jpg.chip.jpg,3,1,2,20161219205437357.jpg.chip.jpg
475,3_1_2_20161219211045069.jpg.chip.jpg,3_1_2_20161219211045069.jpg.chip.jpg,3,1,2,20161219211045069.jpg.chip.jpg
476,3_1_3_20161219225041456.jpg.chip.jpg,3_1_3_20161219225041456.jpg.chip.jpg,3,1,3,20161219225041456.jpg.chip.jpg
477,3_1_3_20161219230521112.jpg.chip.jpg,3_1_3_20161219230521112.jpg.chip.jpg,3,1,3,20161219230521112.jpg.chip.jpg
478,3_1_3_20161220220619722.jpg.chip.jpg,3_1_3_20161220220619722.jpg.chip.jpg,3,1,3,20161220220619722.jpg.chip.jpg
479,3_1_3_20161220220632050.jpg.chip.jpg,3_1_3_20161220220632050.jpg.chip.jpg,3,1,3,20161220220632050.jpg.chip.jpg
480,3_1_4_20161221192908158.jpg.chip.jpg,3_1_4_20161221192908158.jpg.chip.jpg,3,1,4,20161221192908158.jpg.chip.jpg
481,3_1_4_20161221192909421.jpg.chip.jpg,3_1_4_20161221192909421.jpg.chip.jpg,3,1,4,20161221192909421.jpg.chip.jpg
482,3_1_4_20161221202539569.jpg.chip.jpg,3_1_4_20161221202539569.jpg.chip.jpg,3,1,4,20161221202539569.jpg.chip.jpg
483,3_1_4_20161223231741788.jpg.chip.jpg,3_1_4_20161223231741788.jpg.chip.jpg,3,1,4,20161223231741788.jpg.chip.jpg
484,3_1_4_20170103205114064.jpg.chip.jpg,3_1_4_20170103205114064.jpg.chip.jpg,3,1,4,20170103205114064.jpg.chip.jpg
485,3_1_4_20170103234200795.jpg.chip.jpg,3_1_4_20170103234200795.jpg.chip.jpg,3,1,4,20170103234200795.jpg.chip.jpg
486,4_0_0_20170110205352445.jpg.chip.jpg,4_0_0_20170110205352445.jpg.chip.jpg,4,0,0,20170110205352445.jpg.chip.jpg
487,4_0_0_20170110211454141.jpg.chip.jpg,4_0_0_20170110211454141.jpg.chip.jpg,4,0,0,20170110211454141.jpg.chip.jpg
488,4_0_0_20170110212621808.jpg.chip.jpg,4_0_0_20170110212621808.jpg.chip.jpg,4,0,0,20170110212621808.jpg.chip.jpg
489,4_0_0_20170110212844605.jpg.chip.jpg,4_0_0_20170110212844605.jpg.chip.jpg,4,0,0,20170110212844605.jpg.chip.jpg
490,4_0_0_20170110213121589.jpg.chip.jpg,4_0_0_20170110213121589.jpg.chip.jpg,4,0,0,20170110213121589.jpg.chip.jpg
491,4_0_0_20170110213229910.jpg.chip.jpg,4_0_0_20170110213229910.jpg.chip.jpg,4,0,0,20170110213229910.jpg.chip.jpg
492,4_0_0_20170110213253207.jpg.chip.jpg,4_0_0_20170110213253207.jpg.chip.jpg,4,0,0,20170110213253207.jpg.chip.jpg
493,4_0_0_20170110213307248.jpg.chip.jpg,4_0_0_20170110213307248.jpg.chip.jpg,4,0,0,20170110213307248.jpg.chip.jpg
494,4_0_0_20170110213325187.jpg.chip.jpg,4_0_0_20170110213325187.jpg.chip.jpg,4,0,0,20170110213325187.jpg.chip.jpg
495,4_0_0_20170110213408453.jpg.chip.jpg,4_0_0_20170110213408453.jpg.chip.jpg,4,0,0,20170110213408453.jpg.chip.jpg
496,4_0_0_20170110213441609.jpg.chip.jpg,4_0_0_20170110213441609.jpg.chip.jpg,4,0,0,20170110213441609.jpg.chip.jpg
497,4_0_0_20170110213500051.jpg.chip.jpg,4_0_0_20170110213500051.jpg.chip.jpg,4,0,0,20170110213500051.jpg.chip.jpg
498,4_0_0_20170110213526716.jpg.chip.jpg,4_0_0_20170110213526716.jpg.chip.jpg,4,0,0,20170110213526716.jpg.chip.jpg
499,4_0_0_20170110213557125.jpg.chip.jpg,4_0_0_20170110213557125.jpg.chip.jpg,4,0,0,20170110213557125.jpg.chip.jpg
500,4_0_0_20170110232756133.jpg.chip.jpg,4_0_0_20170110232756133.jpg.chip.jpg,4,0,0,20170110232756133.jpg.chip.jpg
501,4_0_1_20170110213311678.jpg.chip.jpg,4_0_1_20170110213311678.jpg.chip.jpg,4,0,1,20170110213311678.jpg.chip.jpg
502,4_0_1_20170110213631827.jpg.chip.jpg,4_0_1_20170110213631827.jpg.chip.jpg,4,0,1,20170110213631827.jpg.chip.jpg
503,4_0_2_20161219141105897.jpg.chip.jpg,4_0_2_20161219141105897.jpg.chip.jpg,4,0,2,20161219141105897.jpg.chip.jpg
504,4_0_2_20161219194148499.jpg.chip.jpg,4_0_2_20161219194148499.jpg.chip.jpg,4,0,2,20161219194148499.jpg.chip.jpg
505,4_0_2_20161219195053667.jpg.chip.jpg,4_0_2_20161219195053667.jpg.chip.jpg,4,0,2,20161219195053667.jpg.chip.jpg
506,4_0_2_20161219201254277.jpg.chip.jpg,4_0_2_20161219201254277.jpg.chip.jpg,4,0,2,20161219201254277.jpg.chip.jpg
507,4_0_2_20161219211434893.jpg.chip.jpg,4_0_2_20161219211434893.jpg.chip.jpg,4,0,2,20161219211434893.jpg.chip.jpg
508,4_0_2_20161220220440489.jpg.chip.jpg,4_0_2_20161220220440489.jpg.chip.jpg,4,0,2,20161220220440489.jpg.chip.jpg
509,4_0_2_20170110212945664.jpg.chip.jpg,4_0_2_20170110212945664.jpg.chip.jpg,4,0,2,20170110212945664.jpg.chip.jpg
510,4_0_2_20170110225135002.jpg.chip.jpg,4_0_2_20170110225135002.jpg.chip.jpg,4,0,2,20170110225135002.jpg.chip.jpg
511,4_0_3_20161220145136351.jpg.chip.jpg,4_0_3_20161220145136351.jpg.chip.jpg,4,0,3,20161220145136351.jpg.chip.jpg
512,4_0_3_20161220220726266.jpg.chip.jpg,4_0_3_20161220220726266.jpg.chip.jpg,4,0,3,20161220220726266.jpg.chip.jpg
513,4_0_3_20161220220738826.jpg.chip.jpg,4_0_3_20161220220738826.jpg.chip.jpg,4,0,3,20161220220738826.jpg.chip.jpg
514,4_0_3_20161220220742914.jpg.chip.jpg,4_0_3_20161220220742914.jpg.chip.jpg,4,0,3,20161220220742914.jpg.chip.jpg
515,4_0_3_20161220220759066.jpg.chip.jpg,4_0_3_20161220220759066.jpg.chip.jpg,4,0,3,20161220220759066.jpg.chip.jpg
516,4_0_3_20161220222803227.jpg.chip.jpg,4_0_3_20161220222803227.jpg.chip.jpg,4,0,3,20161220222803227.jpg.chip.jpg
517,4_0_3_20161220223111195.jpg.chip.jpg,4_0_3_20161220223111195.jpg.chip.jpg,4,0,3,20161220223111195.jpg.chip.jpg
518,4_0_4_20161221192742413.jpg.chip.jpg,4_0_4_20161221192742413.jpg.chip.jpg,4,0,4,20161221192742413.jpg.chip.jpg
519,4_0_4_20161221193320742.jpg.chip.jpg,4_0_4_20161221193320742.jpg.chip.jpg,4,0,4,20161221193320742.jpg.chip.jpg
520,4_0_4_20161221193322159.jpg.chip.jpg,4_0_4_20161221193322159.jpg.chip.jpg,4,0,4,20161221193322159.jpg.chip.jpg
521,4_1_0_20161220220732418.jpg.chip.jpg,4_1_0_20161220220732418.jpg.chip.jpg,4,1,0,20161220220732418.jpg.chip.jpg
522,4_1_0_20170109190824547.jpg.chip.jpg,4_1_0_20170109190824547.jpg.chip.jpg,4,1,0,20170109190824547.jpg.chip.jpg
523,4_1_0_20170109190923998.jpg.chip.jpg,4_1_0_20170109190923998.jpg.chip.jpg,4,1,0,20170109190923998.jpg.chip.jpg
524,4_1_0_20170109190928456.jpg.chip.jpg,4_1_0_20170109190928456.jpg.chip.jpg,4,1,0,20170109190928456.jpg.chip.jpg
525,4_1_0_20170109191155398.jpg.chip.jpg,4_1_0_20170109191155398.jpg.chip.jpg,4,1,0,20170109191155398.jpg.chip.jpg
526,4_1_0_20170109191412927.jpg.chip.jpg,4_1_0_20170109191412927.jpg.chip.jpg,4,1,0,20170109191412927.jpg.chip.jpg
527,4_1_0_20170109192742824.jpg.chip.jpg,4_1_0_20170109192742824.jpg.chip.jpg,4,1,0,20170109192742824.jpg.chip.jpg
528,4_1_0_20170109193102653.jpg.chip.jpg,4_1_0_20170109193102653.jpg.chip.jpg,4,1,0,20170109193102653.jpg.chip.jpg
529,4_1_0_20170109193519993.jpg.chip.jpg,4_1_0_20170109193519993.jpg.chip.jpg,4,1,0,20170109193519993.jpg.chip.jpg
530,4_1_0_20170109193813519.jpg.chip.jpg,4_1_0_20170109193813519.jpg.chip.jpg,4,1,0,20170109193813519.jpg.chip.jpg
531,4_1_0_20170109194222722.jpg.chip.jpg,4_1_0_20170109194222722.jpg.chip.jpg,4,1,0,20170109194222722.jpg.chip.jpg
532,4_1_0_20170109202352144.jpg.chip.jpg,4_1_0_20170109202352144.jpg.chip.jpg,4,1,0,20170109202352144.jpg.chip.jpg
533,4_1_0_20170109204913999.jpg.chip.jpg,4_1_0_20170109204913999.jpg.chip.jpg,4,1,0,20170109204913999.jpg.chip.jpg
534,4_1_1_20170109194523891.jpg.chip.jpg,4_1_1_20170109194523891.jpg.chip.jpg,4,1,1,20170109194523891.jpg.chip.jpg
535,4_1_1_20170109194530016.jpg.chip.jpg,4_1_1_20170109194530016.jpg.chip.jpg,4,1,1,20170109194530016.jpg.chip.jpg
536,4_1_1_20170109194638149.jpg.chip.jpg,4_1_1_20170109194638149.jpg.chip.jpg,4,1,1,20170109194638149.jpg.chip.jpg
537,4_1_1_20170110213220193.jpg.chip.jpg,4_1_1_20170110213220193.jpg.chip.jpg,4,1,1,20170110213220193.jpg.chip.jpg
538,4_1_2_20161219140718600.jpg.chip.jpg,4_1_2_20161219140718600.jpg.chip.jpg,4,1,2,20161219140718600.jpg.chip.jpg
539,4_1_2_20161219141750993.jpg.chip.jpg,4_1_2_20161219141750993.jpg.chip.jpg,4,1,2,20161219141750993.jpg.chip.jpg
540,4_1_2_20161219141829689.jpg.chip.jpg,4_1_2_20161219141829689.jpg.chip.jpg,4,1,2,20161219141829689.jpg.chip.jpg
541,4_1_2_20161219142735921.jpg.chip.jpg,4_1_2_20161219142735921.jpg.chip.jpg,4,1,2,20161219142735921.jpg.chip.jpg
542,4_1_2_20161219142742801.jpg.chip.jpg,4_1_2_20161219142742801.jpg.chip.jpg,4,1,2,20161219142742801.jpg.chip.jpg
543,4_1_2_20161219153328036.jpg.chip.jpg,4_1_2_20161219153328036.jpg.chip.jpg,4,1,2,20161219153328036.jpg.chip.jpg
544,4_1_2_20161219154653077.jpg.chip.jpg,4_1_2_20161219154653077.jpg.chip.jpg,4,1,2,20161219154653077.jpg.chip.jpg
545,4_1_2_20161219162913078.jpg.chip.jpg,4_1_2_20161219162913078.jpg.chip.jpg,4,1,2,20161219162913078.jpg.chip.jpg
546,4_1_2_20161219163346526.jpg.chip.jpg,4_1_2_20161219163346526.jpg.chip.jpg,4,1,2,20161219163346526.jpg.chip.jpg
547,4_1_2_20161219190541762.jpg.chip.jpg,4_1_2_20161219190541762.jpg.chip.jpg,4,1,2,20161219190541762.jpg.chip.jpg
548,4_1_2_20161219195237635.jpg.chip.jpg,4_1_2_20161219195237635.jpg.chip.jpg,4,1,2,20161219195237635.jpg.chip.jpg
549,4_1_2_20161219195305787.jpg.chip.jpg,4_1_2_20161219195305787.jpg.chip.jpg,4,1,2,20161219195305787.jpg.chip.jpg
550,4_1_2_20161219204019100.jpg.chip.jpg,4_1_2_20161219204019100.jpg.chip.jpg,4,1,2,20161219204019100.jpg.chip.jpg
551,4_1_2_20161219204902988.jpg.chip.jpg,4_1_2_20161219204902988.jpg.chip.jpg,4,1,2,20161219204902988.jpg.chip.jpg
552,4_1_3_20161219225056888.jpg.chip.jpg,4_1_3_20161219225056888.jpg.chip.jpg,4,1,3,20161219225056888.jpg.chip.jpg
553,4_1_3_20161219230403672.jpg.chip.jpg,4_1_3_20161219230403672.jpg.chip.jpg,4,1,3,20161219230403672.jpg.chip.jpg
554,4_1_3_20161220220055698.jpg.chip.jpg,4_1_3_20161220220055698.jpg.chip.jpg,4,1,3,20161220220055698.jpg.chip.jpg
555,4_1_3_20161220220636202.jpg.chip.jpg,4_1_3_20161220220636202.jpg.chip.jpg,4,1,3,20161220220636202.jpg.chip.jpg
556,4_1_3_20161220220857450.jpg.chip.jpg,4_1_3_20161220220857450.jpg.chip.jpg,4,1,3,20161220220857450.jpg.chip.jpg
557,4_1_3_20161220220859874.jpg.chip.jpg,4_1_3_20161220220859874.jpg.chip.jpg,4,1,3,20161220220859874.jpg.chip.jpg
558,4_1_3_20161220221856138.jpg.chip.jpg,4_1_3_20161220221856138.jpg.chip.jpg,4,1,3,20161220221856138.jpg.chip.jpg
559,4_1_3_20161220223107732.jpg.chip.jpg,4_1_3_20161220223107732.jpg.chip.jpg,4,1,3,20161220223107732.jpg.chip.jpg
560,4_1_4_20161221193328366.jpg.chip.jpg,4_1_4_20161221193328366.jpg.chip.jpg,4,1,4,20161221193328366.jpg.chip.jpg
561,4_1_4_20161221193345109.jpg.chip.jpg,4_1_4_20161221193345109.jpg.chip.jpg,4,1,4,20161221193345109.jpg.chip.jpg
562,4_1_4_20161221202534346.jpg.chip.jpg,4_1_4_20161221202534346.jpg.chip.jpg,4,1,4,20161221202534346.jpg.chip.jpg
563,4_1_4_20170109191223274.jpg.chip.jpg,4_1_4_20170109191223274.jpg.chip.jpg,4,1,4,20170109191223274.jpg.chip.jpg
564,5_0_0_20170110212804775.jpg.chip.jpg,5_0_0_20170110212804775.jpg.chip.jpg,5,0,0,20170110212804775.jpg.chip.jpg
565,5_0_0_20170110213357051.jpg.chip.jpg,5_0_0_20170110213357051.jpg.chip.jpg,5,0,0,20170110213357051.jpg.chip.jpg
566,5_0_0_20170110213420350.jpg.chip.jpg,5_0_0_20170110213420350.jpg.chip.jpg,5,0,0,20170110213420350.jpg.chip.jpg
567,5_0_0_20170110213554657.jpg.chip.jpg,5_0_0_20170110213554657.jpg.chip.jpg,5,0,0,20170110213554657.jpg.chip.jpg
568,5_0_0_20170110220049707.jpg.chip.jpg,5_0_0_20170110220049707.jpg.chip.jpg,5,0,0,20170110220049707.jpg.chip.jpg
569,5_0_0_20170117192409274.jpg.chip.jpg,5_0_0_20170117192409274.jpg.chip.jpg,5,0,0,20170117192409274.jpg.chip.jpg
570,5_0_1_20170110213713440.jpg.chip.jpg,5_0_1_20170110213713440.jpg.chip.jpg,5,0,1,20170110213713440.jpg.chip.jpg
571,5_0_2_20161219192745531.jpg.chip.jpg,5_0_2_20161219192745531.jpg.chip.jpg,5,0,2,20161219192745531.jpg.chip.jpg
572,5_0_2_20161219222440743.jpg.chip.jpg,5_0_2_20161219222440743.jpg.chip.jpg,5,0,2,20161219222440743.jpg.chip.jpg
573,5_0_2_20170109193500519.jpg.chip.jpg,5_0_2_20170109193500519.jpg.chip.jpg,5,0,2,20170109193500519.jpg.chip.jpg
574,5_0_2_20170110215404831.jpg.chip.jpg,5_0_2_20170110215404831.jpg.chip.jpg,5,0,2,20170110215404831.jpg.chip.jpg
575,5_0_2_20170110215845491.jpg.chip.jpg,5_0_2_20170110215845491.jpg.chip.jpg,5,0,2,20170110215845491.jpg.chip.jpg
576,5_0_3_20161220220203409.jpg.chip.jpg,5_0_3_20161220220203409.jpg.chip.jpg,5,0,3,20161220220203409.jpg.chip.jpg
577,5_0_3_20161220220253921.jpg.chip.jpg,5_0_3_20161220220253921.jpg.chip.jpg,5,0,3,20161220220253921.jpg.chip.jpg
578,5_0_3_20161220220601498.jpg.chip.jpg,5_0_3_20161220220601498.jpg.chip.jpg,5,0,3,20161220220601498.jpg.chip.jpg
579,5_0_3_20161220220613177.jpg.chip.jpg,5_0_3_20161220220613177.jpg.chip.jpg,5,0,3,20161220220613177.jpg.chip.jpg
580,5_0_3_20161220222937859.jpg.chip.jpg,5_0_3_20161220222937859.jpg.chip.jpg,5,0,3,20161220222937859.jpg.chip.jpg
581,5_0_3_20161220222940507.jpg.chip.jpg,5_0_3_20161220222940507.jpg.chip.jpg,5,0,3,20161220222940507.jpg.chip.jpg
582,5_0_3_20170119212110570.jpg.chip.jpg,5_0_3_20170119212110570.jpg.chip.jpg,5,0,3,20170119212110570.jpg.chip.jpg
583,5_0_4_20161221200001464.jpg.chip.jpg,5_0_4_20161221200001464.jpg.chip.jpg,5,0,4,20161221200001464.jpg.chip.jpg
584,5_1_0_20161219153633244.jpg.chip.jpg,5_1_0_20161219153633244.jpg.chip.jpg,5,1,0,20161219153633244.jpg.chip.jpg
585,5_1_0_20161219153649716.jpg.chip.jpg,5_1_0_20161219153649716.jpg.chip.jpg,5,1,0,20161219153649716.jpg.chip.jpg
586,5_1_0_20161220220850074.jpg.chip.jpg,5_1_0_20161220220850074.jpg.chip.jpg,5,1,0,20161220220850074.jpg.chip.jpg
587,5_1_0_20170109190510318.jpg.chip.jpg,5_1_0_20170109190510318.jpg.chip.jpg,5,1,0,20170109190510318.jpg.chip.jpg
588,5_1_0_20170109191741223.jpg.chip.jpg,5_1_0_20170109191741223.jpg.chip.jpg,5,1,0,20170109191741223.jpg.chip.jpg
589,5_1_0_20170109191938064.jpg.chip.jpg,5_1_0_20170109191938064.jpg.chip.jpg,5,1,0,20170109191938064.jpg.chip.jpg
590,5_1_0_20170109192118486.jpg.chip.jpg,5_1_0_20170109192118486.jpg.chip.jpg,5,1,0,20170109192118486.jpg.chip.jpg
591,5_1_0_20170109193010080.jpg.chip.jpg,5_1_0_20170109193010080.jpg.chip.jpg,5,1,0,20170109193010080.jpg.chip.jpg
592,5_1_0_20170109193145120.jpg.chip.jpg,5_1_0_20170109193145120.jpg.chip.jpg,5,1,0,20170109193145120.jpg.chip.jpg
593,5_1_0_20170109193552396.jpg.chip.jpg,5_1_0_20170109193552396.jpg.chip.jpg,5,1,0,20170109193552396.jpg.chip.jpg
594,5_1_0_20170109193656512.jpg.chip.jpg,5_1_0_20170109193656512.jpg.chip.jpg,5,1,0,20170109193656512.jpg.chip.jpg
595,5_1_0_20170109193708669.jpg.chip.jpg,5_1_0_20170109193708669.jpg.chip.jpg,5,1,0,20170109193708669.jpg.chip.jpg
596,5_1_0_20170109193816878.jpg.chip.jpg,5_1_0_20170109193816878.jpg.chip.jpg,5,1,0,20170109193816878.jpg.chip.jpg
597,5_1_0_20170109193852084.jpg.chip.jpg,5_1_0_20170109193852084.jpg.chip.jpg,5,1,0,20170109193852084.jpg.chip.jpg
598,5_1_0_20170109193857919.jpg.chip.jpg,5_1_0_20170109193857919.jpg.chip.jpg,5,1,0,20170109193857919.jpg.chip.jpg
599,5_1_0_20170109194001467.jpg.chip.jpg,5_1_0_20170109194001467.jpg.chip.jpg,5,1,0,20170109194001467.jpg.chip.jpg
600,5_1_0_20170109194058911.jpg.chip.jpg,5_1_0_20170109194058911.jpg.chip.jpg,5,1,0,20170109194058911.jpg.chip.jpg
601,5_1_0_20170109194113052.jpg.chip.jpg,5_1_0_20170109194113052.jpg.chip.jpg,5,1,0,20170109194113052.jpg.chip.jpg
602,5_1_0_20170109194215705.jpg.chip.jpg,5_1_0_20170109194215705.jpg.chip.jpg,5,1,0,20170109194215705.jpg.chip.jpg
603,5_1_0_20170109194229104.jpg.chip.jpg,5_1_0_20170109194229104.jpg.chip.jpg,5,1,0,20170109194229104.jpg.chip.jpg
604,5_1_0_20170109201733901.jpg.chip.jpg,5_1_0_20170109201733901.jpg.chip.jpg,5,1,0,20170109201733901.jpg.chip.jpg
605,5_1_0_20170109202322291.jpg.chip.jpg,5_1_0_20170109202322291.jpg.chip.jpg,5,1,0,20170109202322291.jpg.chip.jpg
606,5_1_1_20161220220819682.jpg.chip.jpg,5_1_1_20161220220819682.jpg.chip.jpg,5,1,1,20161220220819682.jpg.chip.jpg
607,5_1_1_20170112210544957.jpg.chip.jpg,5_1_1_20170112210544957.jpg.chip.jpg,5,1,1,20170112210544957.jpg.chip.jpg
608,5_1_2_20161219142021464.jpg.chip.jpg,5_1_2_20161219142021464.jpg.chip.jpg,5,1,2,20161219142021464.jpg.chip.jpg
609,5_1_2_20161219142421601.jpg.chip.jpg,5_1_2_20161219142421601.jpg.chip.jpg,5,1,2,20161219142421601.jpg.chip.jpg
610,5_1_2_20161219142543345.jpg.chip.jpg,5_1_2_20161219142543345.jpg.chip.jpg,5,1,2,20161219142543345.jpg.chip.jpg
611,5_1_2_20161219160858341.jpg.chip.jpg,5_1_2_20161219160858341.jpg.chip.jpg,5,1,2,20161219160858341.jpg.chip.jpg
612,5_1_2_20161219163010238.jpg.chip.jpg,5_1_2_20161219163010238.jpg.chip.jpg,5,1,2,20161219163010238.jpg.chip.jpg
613,5_1_2_20161219204056708.jpg.chip.jpg,5_1_2_20161219204056708.jpg.chip.jpg,5,1,2,20161219204056708.jpg.chip.jpg
614,5_1_2_20170104010050039.jpg.chip.jpg,5_1_2_20170104010050039.jpg.chip.jpg,5,1,2,20170104010050039.jpg.chip.jpg
615,5_1_2_20170109193543217.jpg.chip.jpg,5_1_2_20170109193543217.jpg.chip.jpg,5,1,2,20170109193543217.jpg.chip.jpg
616,5_1_3_20161220145130080.jpg.chip.jpg,5_1_3_20161220145130080.jpg.chip.jpg,5,1,3,20161220145130080.jpg.chip.jpg
617,5_1_3_20170119151512160.jpg.chip.jpg,5_1_3_20170119151512160.jpg.chip.jpg,5,1,3,20170119151512160.jpg.chip.jpg
618,5_1_4_20161221193811941.jpg.chip.jpg,5_1_4_20161221193811941.jpg.chip.jpg,5,1,4,20161221193811941.jpg.chip.jpg
619,6_0_0_20170110213109002.jpg.chip.jpg,6_0_0_20170110213109002.jpg.chip.jpg,6,0,0,20170110213109002.jpg.chip.jpg
620,6_0_0_20170110215623387.jpg.chip.jpg,6_0_0_20170110215623387.jpg.chip.jpg,6,0,0,20170110215623387.jpg.chip.jpg
621,6_0_0_20170110224301470.jpg.chip.jpg,6_0_0_20170110224301470.jpg.chip.jpg,6,0,0,20170110224301470.jpg.chip.jpg
622,6_0_2_20170103210440650.jpg.chip.jpg,6_0_2_20170103210440650.jpg.chip.jpg,6,0,2,20170103210440650.jpg.chip.jpg
623,6_0_3_20161220222811027.jpg.chip.jpg,6_0_3_20161220222811027.jpg.chip.jpg,6,0,3,20161220222811027.jpg.chip.jpg
624,6_0_4_20161221202547897.jpg.chip.jpg,6_0_4_20161221202547897.jpg.chip.jpg,6,0,4,20161221202547897.jpg.chip.jpg
625,6_1_0_20161220221631666.jpg.chip.jpg,6_1_0_20161220221631666.jpg.chip.jpg,6,1,0,20161220221631666.jpg.chip.jpg
626,6_1_0_20170104005857767.jpg.chip.jpg,6_1_0_20170104005857767.jpg.chip.jpg,6,1,0,20170104005857767.jpg.chip.jpg
627,6_1_0_20170104010034799.jpg.chip.jpg,6_1_0_20170104010034799.jpg.chip.jpg,6,1,0,20170104010034799.jpg.chip.jpg
628,6_1_0_20170109193106065.jpg.chip.jpg,6_1_0_20170109193106065.jpg.chip.jpg,6,1,0,20170109193106065.jpg.chip.jpg
629,6_1_0_20170109193725492.jpg.chip.jpg,6_1_0_20170109193725492.jpg.chip.jpg,6,1,0,20170109193725492.jpg.chip.jpg
630,6_1_0_20170109194207894.jpg.chip.jpg,6_1_0_20170109194207894.jpg.chip.jpg,6,1,0,20170109194207894.jpg.chip.jpg
631,6_1_0_20170109194218239.jpg.chip.jpg,6_1_0_20170109194218239.jpg.chip.jpg,6,1,0,20170109194218239.jpg.chip.jpg
632,6_1_0_20170109201058867.jpg.chip.jpg,6_1_0_20170109201058867.jpg.chip.jpg,6,1,0,20170109201058867.jpg.chip.jpg
633,6_1_0_20170109201806817.jpg.chip.jpg,6_1_0_20170109201806817.jpg.chip.jpg,6,1,0,20170109201806817.jpg.chip.jpg
634,6_1_0_20170109201829191.jpg.chip.jpg,6_1_0_20170109201829191.jpg.chip.jpg,6,1,0,20170109201829191.jpg.chip.jpg
635,6_1_0_20170109201852729.jpg.chip.jpg,6_1_0_20170109201852729.jpg.chip.jpg,6,1,0,20170109201852729.jpg.chip.jpg
636,6_1_0_20170109201859697.jpg.chip.jpg,6_1_0_20170109201859697.jpg.chip.jpg,6,1,0,20170109201859697.jpg.chip.jpg
637,6_1_0_20170109201925765.jpg.chip.jpg,6_1_0_20170109201925765.jpg.chip.jpg,6,1,0,20170109201925765.jpg.chip.jpg
638,6_1_0_20170109202302115.jpg.chip.jpg,6_1_0_20170109202302115.jpg.chip.jpg,6,1,0,20170109202302115.jpg.chip.jpg
639,6_1_0_20170109204539812.jpg.chip.jpg,6_1_0_20170109204539812.jpg.chip.jpg,6,1,0,20170109204539812.jpg.chip.jpg
640,6_1_0_20170109204600139.jpg.chip.jpg,6_1_0_20170109204600139.jpg.chip.jpg,6,1,0,20170109204600139.jpg.chip.jpg
641,6_1_0_20170109204602999.jpg.chip.jpg,6_1_0_20170109204602999.jpg.chip.jpg,6,1,0,20170109204602999.jpg.chip.jpg
642,6_1_0_20170109204828030.jpg.chip.jpg,6_1_0_20170109204828030.jpg.chip.jpg,6,1,0,20170109204828030.jpg.chip.jpg
643,6_1_0_20170109204905156.jpg.chip.jpg,6_1_0_20170109204905156.jpg.chip.jpg,6,1,0,20170109204905156.jpg.chip.jpg
644,6_1_0_20170109205251485.jpg.chip.jpg,6_1_0_20170109205251485.jpg.chip.jpg,6,1,0,20170109205251485.jpg.chip.jpg
645,6_1_0_20170114033411045.jpg.chip.jpg,6_1_0_20170114033411045.jpg.chip.jpg,6,1,0,20170114033411045.jpg.chip.jpg
646,6_1_1_20161220220430595.jpg.chip.jpg,6_1_1_20161220220430595.jpg.chip.jpg,6,1,1,20161220220430595.jpg.chip.jpg
647,6_1_1_20161220220432570.jpg.chip.jpg,6_1_1_20161220220432570.jpg.chip.jpg,6,1,1,20161220220432570.jpg.chip.jpg
648,6_1_1_20170109192734062.jpg.chip.jpg,6_1_1_20170109192734062.jpg.chip.jpg,6,1,1,20170109192734062.jpg.chip.jpg
649,6_1_1_20170109193902904.jpg.chip.jpg,6_1_1_20170109193902904.jpg.chip.jpg,6,1,1,20170109193902904.jpg.chip.jpg
650,6_1_2_20161219141114464.jpg.chip.jpg,6_1_2_20161219141114464.jpg.chip.jpg,6,1,2,20161219141114464.jpg.chip.jpg
651,6_1_2_20161219192319650.jpg.chip.jpg,6_1_2_20161219192319650.jpg.chip.jpg,6,1,2,20161219192319650.jpg.chip.jpg
652,6_1_2_20161219200113379.jpg.chip.jpg,6_1_2_20161219200113379.jpg.chip.jpg,6,1,2,20161219200113379.jpg.chip.jpg
653,6_1_3_20161220220748274.jpg.chip.jpg,6_1_3_20161220220748274.jpg.chip.jpg,6,1,3,20161220220748274.jpg.chip.jpg
654,6_1_3_20161220222516643.jpg.chip.jpg,6_1_3_20161220222516643.jpg.chip.jpg,6,1,3,20161220222516643.jpg.chip.jpg
655,6_1_3_20161220222916667.jpg.chip.jpg,6_1_3_20161220222916667.jpg.chip.jpg,6,1,3,20161220222916667.jpg.chip.jpg
656,6_1_3_20161220223142531.jpg.chip.jpg,6_1_3_20161220223142531.jpg.chip.jpg,6,1,3,20161220223142531.jpg.chip.jpg
657,6_1_3_20170117135341759.jpg.chip.jpg,6_1_3_20170117135341759.jpg.chip.jpg,6,1,3,20170117135341759.jpg.chip.jpg
658,6_1_4_20161221193229605.jpg.chip.jpg,6_1_4_20161221193229605.jpg.chip.jpg,6,1,4,20161221193229605.jpg.chip.jpg
659,6_1_4_20161221193543388.jpg.chip.jpg,6_1_4_20161221193543388.jpg.chip.jpg,6,1,4,20161221193543388.jpg.chip.jpg
660,6_1_4_20161221200321777.jpg.chip.jpg,6_1_4_20161221200321777.jpg.chip.jpg,6,1,4,20161221200321777.jpg.chip.jpg
661,6_1_4_20161223232234756.jpg.chip.jpg,6_1_4_20161223232234756.jpg.chip.jpg,6,1,4,20161223232234756.jpg.chip.jpg
662,6_1_4_20170103230723185.jpg.chip.jpg,6_1_4_20170103230723185.jpg.chip.jpg,6,1,4,20170103230723185.jpg.chip.jpg
663,6_1_4_20170103233146667.jpg.chip.jpg,6_1_4_20170103233146667.jpg.chip.jpg,6,1,4,20170103233146667.jpg.chip.jpg
664,7_0_0_20170110215327391.jpg.chip.jpg,7_0_0_20170110215327391.jpg.chip.jpg,7,0,0,20170110215327391.jpg.chip.jpg
665,7_0_0_20170110215534588.jpg.chip.jpg,7_0_0_20170110215534588.jpg.chip.jpg,7,0,0,20170110215534588.jpg.chip.jpg
666,7_0_0_20170110215540131.jpg.chip.jpg,7_0_0_20170110215540131.jpg.chip.jpg,7,0,0,20170110215540131.jpg.chip.jpg
667,7_0_0_20170110215615139.jpg.chip.jpg,7_0_0_20170110215615139.jpg.chip.jpg,7,0,0,20170110215615139.jpg.chip.jpg
668,7_0_0_20170110215620675.jpg.chip.jpg,7_0_0_20170110215620675.jpg.chip.jpg,7,0,0,20170110215620675.jpg.chip.jpg
669,7_0_0_20170110215648859.jpg.chip.jpg,7_0_0_20170110215648859.jpg.chip.jpg,7,0,0,20170110215648859.jpg.chip.jpg
670,7_0_0_20170110215708491.jpg.chip.jpg,7_0_0_20170110215708491.jpg.chip.jpg,7,0,0,20170110215708491.jpg.chip.jpg
671,7_0_0_20170110220114746.jpg.chip.jpg,7_0_0_20170110220114746.jpg.chip.jpg,7,0,0,20170110220114746.jpg.chip.jpg
672,7_0_0_20170110224332642.jpg.chip.jpg,7_0_0_20170110224332642.jpg.chip.jpg,7,0,0,20170110224332642.jpg.chip.jpg
673,7_0_0_20170110225211960.jpg.chip.jpg,7_0_0_20170110225211960.jpg.chip.jpg,7,0,0,20170110225211960.jpg.chip.jpg
674,7_0_0_20170110225222391.jpg.chip.jpg,7_0_0_20170110225222391.jpg.chip.jpg,7,0,0,20170110225222391.jpg.chip.jpg
675,7_0_0_20170110225232046.jpg.chip.jpg,7_0_0_20170110225232046.jpg.chip.jpg,7,0,0,20170110225232046.jpg.chip.jpg
676,7_0_1_20170113145233558.jpg.chip.jpg,7_0_1_20170113145233558.jpg.chip.jpg,7,0,1,20170113145233558.jpg.chip.jpg
677,7_0_2_20161219190141683.jpg.chip.jpg,7_0_2_20161219190141683.jpg.chip.jpg,7,0,2,20161219190141683.jpg.chip.jpg
678,7_0_2_20161219191327451.jpg.chip.jpg,7_0_2_20161219191327451.jpg.chip.jpg,7,0,2,20161219191327451.jpg.chip.jpg
679,7_0_2_20161219204335837.jpg.chip.jpg,7_0_2_20161219204335837.jpg.chip.jpg,7,0,2,20161219204335837.jpg.chip.jpg
680,7_0_2_20170110224711687.jpg.chip.jpg,7_0_2_20170110224711687.jpg.chip.jpg,7,0,2,20170110224711687.jpg.chip.jpg
681,7_0_4_20170103205144794.jpg.chip.jpg,7_0_4_20170103205144794.jpg.chip.jpg,7,0,4,20170103205144794.jpg.chip.jpg
682,7_1_0_20170109192035908.jpg.chip.jpg,7_1_0_20170109192035908.jpg.chip.jpg,7,1,0,20170109192035908.jpg.chip.jpg
683,7_1_0_20170109192242639.jpg.chip.jpg,7_1_0_20170109192242639.jpg.chip.jpg,7,1,0,20170109192242639.jpg.chip.jpg
684,7_1_0_20170109194241191.jpg.chip.jpg,7_1_0_20170109194241191.jpg.chip.jpg,7,1,0,20170109194241191.jpg.chip.jpg
685,7_1_0_20170109200828410.jpg.chip.jpg,7_1_0_20170109200828410.jpg.chip.jpg,7,1,0,20170109200828410.jpg.chip.jpg
686,7_1_0_20170109200858883.jpg.chip.jpg,7_1_0_20170109200858883.jpg.chip.jpg,7,1,0,20170109200858883.jpg.chip.jpg
687,7_1_0_20170109200933192.jpg.chip.jpg,7_1_0_20170109200933192.jpg.chip.jpg,7,1,0,20170109200933192.jpg.chip.jpg
688,7_1_0_20170109201810385.jpg.chip.jpg,7_1_0_20170109201810385.jpg.chip.jpg,7,1,0,20170109201810385.jpg.chip.jpg
689,7_1_0_20170109202403368.jpg.chip.jpg,7_1_0_20170109202403368.jpg.chip.jpg,7,1,0,20170109202403368.jpg.chip.jpg
690,7_1_0_20170109203621621.jpg.chip.jpg,7_1_0_20170109203621621.jpg.chip.jpg,7,1,0,20170109203621621.jpg.chip.jpg
691,7_1_0_20170109204120279.jpg.chip.jpg,7_1_0_20170109204120279.jpg.chip.jpg,7,1,0,20170109204120279.jpg.chip.jpg
692,7_1_0_20170109204550837.jpg.chip.jpg,7_1_0_20170109204550837.jpg.chip.jpg,7,1,0,20170109204550837.jpg.chip.jpg
693,7_1_0_20170109204800702.jpg.chip.jpg,7_1_0_20170109204800702.jpg.chip.jpg,7,1,0,20170109204800702.jpg.chip.jpg
694,7_1_0_20170109204841362.jpg.chip.jpg,7_1_0_20170109204841362.jpg.chip.jpg,7,1,0,20170109204841362.jpg.chip.jpg
695,7_1_0_20170109205113183.jpg.chip.jpg,7_1_0_20170109205113183.jpg.chip.jpg,7,1,0,20170109205113183.jpg.chip.jpg
696,7_1_0_20170109205356415.jpg.chip.jpg,7_1_0_20170109205356415.jpg.chip.jpg,7,1,0,20170109205356415.jpg.chip.jpg
697,7_1_0_20170114025204820.jpg.chip.jpg,7_1_0_20170114025204820.jpg.chip.jpg,7,1,0,20170114025204820.jpg.chip.jpg
698,7_1_1_20170109194708063.jpg.chip.jpg,7_1_1_20170109194708063.jpg.chip.jpg,7,1,1,20170109194708063.jpg.chip.jpg
699,7_1_1_20170109201647377.jpg.chip.jpg,7_1_1_20170109201647377.jpg.chip.jpg,7,1,1,20170109201647377.jpg.chip.jpg
700,7_1_2_20161219141129768.jpg.chip.jpg,7_1_2_20161219141129768.jpg.chip.jpg,7,1,2,20161219141129768.jpg.chip.jpg
701,7_1_2_20161219160327198.jpg.chip.jpg,7_1_2_20161219160327198.jpg.chip.jpg,7,1,2,20161219160327198.jpg.chip.jpg
702,7_1_2_20161219190036147.jpg.chip.jpg,7_1_2_20161219190036147.jpg.chip.jpg,7,1,2,20161219190036147.jpg.chip.jpg
703,7_1_2_20161219193607875.jpg.chip.jpg,7_1_2_20161219193607875.jpg.chip.jpg,7,1,2,20161219193607875.jpg.chip.jpg
704,7_1_3_20161220221712842.jpg.chip.jpg,7_1_3_20161220221712842.jpg.chip.jpg,7,1,3,20161220221712842.jpg.chip.jpg
705,7_1_3_20161220222033539.jpg.chip.jpg,7_1_3_20161220222033539.jpg.chip.jpg,7,1,3,20161220222033539.jpg.chip.jpg
706,7_1_3_20161220222847210.jpg.chip.jpg,7_1_3_20161220222847210.jpg.chip.jpg,7,1,3,20161220222847210.jpg.chip.jpg
707,7_1_3_20161220222848259.jpg.chip.jpg,7_1_3_20161220222848259.jpg.chip.jpg,7,1,3,20161220222848259.jpg.chip.jpg
708,7_1_3_20161220222848971.jpg.chip.jpg,7_1_3_20161220222848971.jpg.chip.jpg,7,1,3,20161220222848971.jpg.chip.jpg
709,7_1_3_20161220222902435.jpg.chip.jpg,7_1_3_20161220222902435.jpg.chip.jpg,7,1,3,20161220222902435.jpg.chip.jpg
710,7_1_4_20161221202624721.jpg.chip.jpg,7_1_4_20161221202624721.jpg.chip.jpg,7,1,4,20161221202624721.jpg.chip.jpg
711,7_1_4_20170103212641884.jpg.chip.jpg,7_1_4_20170103212641884.jpg.chip.jpg,7,1,4,20170103212641884.jpg.chip.jpg
712,7_1_4_20170103230718288.jpg.chip.jpg,7_1_4_20170103230718288.jpg.chip.jpg,7,1,4,20170103230718288.jpg.chip.jpg
713,8_0_0_20170103200436055.jpg.chip.jpg,8_0_0_20170103200436055.jpg.chip.jpg,8,0,0,20170103200436055.jpg.chip.jpg
714,8_0_0_20170103201927968.jpg.chip.jpg,8_0_0_20170103201927968.jpg.chip.jpg,8,0,0,20170103201927968.jpg.chip.jpg
715,8_0_0_20170103201932624.jpg.chip.jpg,8_0_0_20170103201932624.jpg.chip.jpg,8,0,0,20170103201932624.jpg.chip.jpg
716,8_0_0_20170103210825483.jpg.chip.jpg,8_0_0_20170103210825483.jpg.chip.jpg,8,0,0,20170103210825483.jpg.chip.jpg
717,8_0_0_20170110215342047.jpg.chip.jpg,8_0_0_20170110215342047.jpg.chip.jpg,8,0,0,20170110215342047.jpg.chip.jpg
718,8_0_0_20170110215511548.jpg.chip.jpg,8_0_0_20170110215511548.jpg.chip.jpg,8,0,0,20170110215511548.jpg.chip.jpg
719,8_0_0_20170110215559811.jpg.chip.jpg,8_0_0_20170110215559811.jpg.chip.jpg,8,0,0,20170110215559811.jpg.chip.jpg
720,8_0_0_20170110215618155.jpg.chip.jpg,8_0_0_20170110215618155.jpg.chip.jpg,8,0,0,20170110215618155.jpg.chip.jpg
721,8_0_0_20170110215640027.jpg.chip.jpg,8_0_0_20170110215640027.jpg.chip.jpg,8,0,0,20170110215640027.jpg.chip.jpg
722,8_0_0_20170110215948795.jpg.chip.jpg,8_0_0_20170110215948795.jpg.chip.jpg,8,0,0,20170110215948795.jpg.chip.jpg
723,8_0_0_20170110220121162.jpg.chip.jpg,8_0_0_20170110220121162.jpg.chip.jpg,8,0,0,20170110220121162.jpg.chip.jpg
724,8_0_0_20170110220124291.jpg.chip.jpg,8_0_0_20170110220124291.jpg.chip.jpg,8,0,0,20170110220124291.jpg.chip.jpg
725,8_0_0_20170110220157082.jpg.chip.jpg,8_0_0_20170110220157082.jpg.chip.jpg,8,0,0,20170110220157082.jpg.chip.jpg
726,8_0_0_20170110220246250.jpg.chip.jpg,8_0_0_20170110220246250.jpg.chip.jpg,8,0,0,20170110220246250.jpg.chip.jpg
727,8_0_0_20170110220309370.jpg.chip.jpg,8_0_0_20170110220309370.jpg.chip.jpg,8,0,0,20170110220309370.jpg.chip.jpg
728,8_0_0_20170110220416458.jpg.chip.jpg,8_0_0_20170110220416458.jpg.chip.jpg,8,0,0,20170110220416458.jpg.chip.jpg
729,8_0_0_20170110220610016.jpg.chip.jpg,8_0_0_20170110220610016.jpg.chip.jpg,8,0,0,20170110220610016.jpg.chip.jpg
730,8_0_0_20170110225017437.jpg.chip.jpg,8_0_0_20170110225017437.jpg.chip.jpg,8,0,0,20170110225017437.jpg.chip.jpg
731,8_0_0_20170110225315590.jpg.chip.jpg,8_0_0_20170110225315590.jpg.chip.jpg,8,0,0,20170110225315590.jpg.chip.jpg
732,8_0_0_20170110225358551.jpg.chip.jpg,8_0_0_20170110225358551.jpg.chip.jpg,8,0,0,20170110225358551.jpg.chip.jpg
733,8_0_0_20170117175637404.jpg.chip.jpg,8_0_0_20170117175637404.jpg.chip.jpg,8,0,0,20170117175637404.jpg.chip.jpg
734,8_0_1_20170110215727788.jpg.chip.jpg,8_0_1_20170110215727788.jpg.chip.jpg,8,0,1,20170110215727788.jpg.chip.jpg
735,8_0_2_20161219162204262.jpg.chip.jpg,8_0_2_20161219162204262.jpg.chip.jpg,8,0,2,20161219162204262.jpg.chip.jpg
736,8_0_2_20170110220614569.jpg.chip.jpg,8_0_2_20170110220614569.jpg.chip.jpg,8,0,2,20170110220614569.jpg.chip.jpg
737,8_0_2_20170117192413109.jpg.chip.jpg,8_0_2_20170117192413109.jpg.chip.jpg,8,0,2,20170117192413109.jpg.chip.jpg
738,8_0_3_20161220222825331.jpg.chip.jpg,8_0_3_20161220222825331.jpg.chip.jpg,8,0,3,20161220222825331.jpg.chip.jpg
739,8_0_3_20170104225706490.jpg.chip.jpg,8_0_3_20170104225706490.jpg.chip.jpg,8,0,3,20170104225706490.jpg.chip.jpg
740,8_0_3_20170104230744745.jpg.chip.jpg,8_0_3_20170104230744745.jpg.chip.jpg,8,0,3,20170104230744745.jpg.chip.jpg
741,8_0_4_20170103200427437.jpg.chip.jpg,8_0_4_20170103200427437.jpg.chip.jpg,8,0,4,20170103200427437.jpg.chip.jpg
742,8_0_4_20170103201939191.jpg.chip.jpg,8_0_4_20170103201939191.jpg.chip.jpg,8,0,4,20170103201939191.jpg.chip.jpg
743,8_1_0_20170109194048333.jpg.chip.jpg,8_1_0_20170109194048333.jpg.chip.jpg,8,1,0,20170109194048333.jpg.chip.jpg
744,8_1_0_20170109200833660.jpg.chip.jpg,8_1_0_20170109200833660.jpg.chip.jpg,8,1,0,20170109200833660.jpg.chip.jpg
745,8_1_0_20170109200841548.jpg.chip.jpg,8_1_0_20170109200841548.jpg.chip.jpg,8,1,0,20170109200841548.jpg.chip.jpg
746,8_1_0_20170109200918322.jpg.chip.jpg,8_1_0_20170109200918322.jpg.chip.jpg,8,1,0,20170109200918322.jpg.chip.jpg
747,8_1_0_20170109201107015.jpg.chip.jpg,8_1_0_20170109201107015.jpg.chip.jpg,8,1,0,20170109201107015.jpg.chip.jpg
748,8_1_0_20170109201110396.jpg.chip.jpg,8_1_0_20170109201110396.jpg.chip.jpg,8,1,0,20170109201110396.jpg.chip.jpg
749,8_1_0_20170109201701754.jpg.chip.jpg,8_1_0_20170109201701754.jpg.chip.jpg,8,1,0,20170109201701754.jpg.chip.jpg
750,8_1_0_20170109202254541.jpg.chip.jpg,8_1_0_20170109202254541.jpg.chip.jpg,8,1,0,20170109202254541.jpg.chip.jpg
751,8_1_0_20170109202305645.jpg.chip.jpg,8_1_0_20170109202305645.jpg.chip.jpg,8,1,0,20170109202305645.jpg.chip.jpg
752,8_1_0_20170109202314510.jpg.chip.jpg,8_1_0_20170109202314510.jpg.chip.jpg,8,1,0,20170109202314510.jpg.chip.jpg
753,8_1_0_20170109202316791.jpg.chip.jpg,8_1_0_20170109202316791.jpg.chip.jpg,8,1,0,20170109202316791.jpg.chip.jpg
754,8_1_0_20170109202318713.jpg.chip.jpg,8_1_0_20170109202318713.jpg.chip.jpg,8,1,0,20170109202318713.jpg.chip.jpg
755,8_1_0_20170109202339392.jpg.chip.jpg,8_1_0_20170109202339392.jpg.chip.jpg,8,1,0,20170109202339392.jpg.chip.jpg
756,8_1_0_20170109202428799.jpg.chip.jpg,8_1_0_20170109202428799.jpg.chip.jpg,8,1,0,20170109202428799.jpg.chip.jpg
757,8_1_0_20170109202720967.jpg.chip.jpg,8_1_0_20170109202720967.jpg.chip.jpg,8,1,0,20170109202720967.jpg.chip.jpg
758,8_1_0_20170109202748999.jpg.chip.jpg,8_1_0_20170109202748999.jpg.chip.jpg,8,1,0,20170109202748999.jpg.chip.jpg
759,8_1_0_20170109202858319.jpg.chip.jpg,8_1_0_20170109202858319.jpg.chip.jpg,8,1,0,20170109202858319.jpg.chip.jpg
760,8_1_0_20170109202859958.jpg.chip.jpg,8_1_0_20170109202859958.jpg.chip.jpg,8,1,0,20170109202859958.jpg.chip.jpg
761,8_1_0_20170109202906495.jpg.chip.jpg,8_1_0_20170109202906495.jpg.chip.jpg,8,1,0,20170109202906495.jpg.chip.jpg
762,8_1_0_20170109202926726.jpg.chip.jpg,8_1_0_20170109202926726.jpg.chip.jpg,8,1,0,20170109202926726.jpg.chip.jpg
763,8_1_0_20170109203209685.jpg.chip.jpg,8_1_0_20170109203209685.jpg.chip.jpg,8,1,0,20170109203209685.jpg.chip.jpg
764,8_1_0_20170109203314749.jpg.chip.jpg,8_1_0_20170109203314749.jpg.chip.jpg,8,1,0,20170109203314749.jpg.chip.jpg
765,8_1_0_20170109203324490.jpg.chip.jpg,8_1_0_20170109203324490.jpg.chip.jpg,8,1,0,20170109203324490.jpg.chip.jpg
766,8_1_0_20170109203433105.jpg.chip.jpg,8_1_0_20170109203433105.jpg.chip.jpg,8,1,0,20170109203433105.jpg.chip.jpg
767,8_1_0_20170109203435759.jpg.chip.jpg,8_1_0_20170109203435759.jpg.chip.jpg,8,1,0,20170109203435759.jpg.chip.jpg
768,8_1_0_20170109203552679.jpg.chip.jpg,8_1_0_20170109203552679.jpg.chip.jpg,8,1,0,20170109203552679.jpg.chip.jpg
769,8_1_0_20170109203559320.jpg.chip.jpg,8_1_0_20170109203559320.jpg.chip.jpg,8,1,0,20170109203559320.jpg.chip.jpg
770,8_1_0_20170109203907694.jpg.chip.jpg,8_1_0_20170109203907694.jpg.chip.jpg,8,1,0,20170109203907694.jpg.chip.jpg
771,8_1_0_20170109204144358.jpg.chip.jpg,8_1_0_20170109204144358.jpg.chip.jpg,8,1,0,20170109204144358.jpg.chip.jpg
772,8_1_0_20170109204400392.jpg.chip.jpg,8_1_0_20170109204400392.jpg.chip.jpg,8,1,0,20170109204400392.jpg.chip.jpg
773,8_1_0_20170109204418516.jpg.chip.jpg,8_1_0_20170109204418516.jpg.chip.jpg,8,1,0,20170109204418516.jpg.chip.jpg
774,8_1_0_20170109204542015.jpg.chip.jpg,8_1_0_20170109204542015.jpg.chip.jpg,8,1,0,20170109204542015.jpg.chip.jpg
775,8_1_0_20170109204608113.jpg.chip.jpg,8_1_0_20170109204608113.jpg.chip.jpg,8,1,0,20170109204608113.jpg.chip.jpg
776,8_1_0_20170109204830640.jpg.chip.jpg,8_1_0_20170109204830640.jpg.chip.jpg,8,1,0,20170109204830640.jpg.chip.jpg
777,8_1_0_20170109204836782.jpg.chip.jpg,8_1_0_20170109204836782.jpg.chip.jpg,8,1,0,20170109204836782.jpg.chip.jpg
778,8_1_0_20170109204901514.jpg.chip.jpg,8_1_0_20170109204901514.jpg.chip.jpg,8,1,0,20170109204901514.jpg.chip.jpg
779,8_1_0_20170109204910999.jpg.chip.jpg,8_1_0_20170109204910999.jpg.chip.jpg,8,1,0,20170109204910999.jpg.chip.jpg
780,8_1_0_20170109204920415.jpg.chip.jpg,8_1_0_20170109204920415.jpg.chip.jpg,8,1,0,20170109204920415.jpg.chip.jpg
781,8_1_0_20170109205015327.jpg.chip.jpg,8_1_0_20170109205015327.jpg.chip.jpg,8,1,0,20170109205015327.jpg.chip.jpg
782,8_1_0_20170109205018500.jpg.chip.jpg,8_1_0_20170109205018500.jpg.chip.jpg,8,1,0,20170109205018500.jpg.chip.jpg
783,8_1_0_20170109205022859.jpg.chip.jpg,8_1_0_20170109205022859.jpg.chip.jpg,8,1,0,20170109205022859.jpg.chip.jpg
784,8_1_0_20170109205024714.jpg.chip.jpg,8_1_0_20170109205024714.jpg.chip.jpg,8,1,0,20170109205024714.jpg.chip.jpg
785,8_1_0_20170109205028805.jpg.chip.jpg,8_1_0_20170109205028805.jpg.chip.jpg,8,1,0,20170109205028805.jpg.chip.jpg
786,8_1_0_20170109205031725.jpg.chip.jpg,8_1_0_20170109205031725.jpg.chip.jpg,8,1,0,20170109205031725.jpg.chip.jpg
787,8_1_0_20170109205108577.jpg.chip.jpg,8_1_0_20170109205108577.jpg.chip.jpg,8,1,0,20170109205108577.jpg.chip.jpg
788,8_1_0_20170109205256828.jpg.chip.jpg,8_1_0_20170109205256828.jpg.chip.jpg,8,1,0,20170109205256828.jpg.chip.jpg
789,8_1_0_20170109205303856.jpg.chip.jpg,8_1_0_20170109205303856.jpg.chip.jpg,8,1,0,20170109205303856.jpg.chip.jpg
790,8_1_0_20170109205416266.jpg.chip.jpg,8_1_0_20170109205416266.jpg.chip.jpg,8,1,0,20170109205416266.jpg.chip.jpg
791,8_1_0_20170109205426790.jpg.chip.jpg,8_1_0_20170109205426790.jpg.chip.jpg,8,1,0,20170109205426790.jpg.chip.jpg
792,8_1_0_20170109205428806.jpg.chip.jpg,8_1_0_20170109205428806.jpg.chip.jpg,8,1,0,20170109205428806.jpg.chip.jpg
793,8_1_0_20170109205515528.jpg.chip.jpg,8_1_0_20170109205515528.jpg.chip.jpg,8,1,0,20170109205515528.jpg.chip.jpg
794,8_1_0_20170117175943380.jpg.chip.jpg,8_1_0_20170117175943380.jpg.chip.jpg,8,1,0,20170117175943380.jpg.chip.jpg
795,8_1_1_20170109205445571.jpg.chip.jpg,8_1_1_20170109205445571.jpg.chip.jpg,8,1,1,20170109205445571.jpg.chip.jpg
796,8_1_1_20170112211035045.jpg.chip.jpg,8_1_1_20170112211035045.jpg.chip.jpg,8,1,1,20170112211035045.jpg.chip.jpg
797,8_1_2_20161219153017828.jpg.chip.jpg,8_1_2_20161219153017828.jpg.chip.jpg,8,1,2,20161219153017828.jpg.chip.jpg
798,8_1_2_20161219163614671.jpg.chip.jpg,8_1_2_20161219163614671.jpg.chip.jpg,8,1,2,20161219163614671.jpg.chip.jpg
799,8_1_2_20161219163616367.jpg.chip.jpg,8_1_2_20161219163616367.jpg.chip.jpg,8,1,2,20161219163616367.jpg.chip.jpg
800,8_1_2_20170109201847910.jpg.chip.jpg,8_1_2_20170109201847910.jpg.chip.jpg,8,1,2,20170109201847910.jpg.chip.jpg
801,8_1_2_20170109203442372.jpg.chip.jpg,8_1_2_20170109203442372.jpg.chip.jpg,8,1,2,20170109203442372.jpg.chip.jpg
802,8_1_2_20170109203855544.jpg.chip.jpg,8_1_2_20170109203855544.jpg.chip.jpg,8,1,2,20170109203855544.jpg.chip.jpg
803,8_1_2_20170109204518758.jpg.chip.jpg,8_1_2_20170109204518758.jpg.chip.jpg,8,1,2,20170109204518758.jpg.chip.jpg
804,8_1_2_20170109205348937.jpg.chip.jpg,8_1_2_20170109205348937.jpg.chip.jpg,8,1,2,20170109205348937.jpg.chip.jpg
805,8_1_2_20170109205424712.jpg.chip.jpg,8_1_2_20170109205424712.jpg.chip.jpg,8,1,2,20170109205424712.jpg.chip.jpg
806,8_1_3_20161220220229729.jpg.chip.jpg,8_1_3_20161220220229729.jpg.chip.jpg,8,1,3,20161220220229729.jpg.chip.jpg
807,8_1_3_20161220220233122.jpg.chip.jpg,8_1_3_20161220220233122.jpg.chip.jpg,8,1,3,20161220220233122.jpg.chip.jpg
808,8_1_3_20161220220407073.jpg.chip.jpg,8_1_3_20161220220407073.jpg.chip.jpg,8,1,3,20161220220407073.jpg.chip.jpg
809,8_1_3_20161220220642802.jpg.chip.jpg,8_1_3_20161220220642802.jpg.chip.jpg,8,1,3,20161220220642802.jpg.chip.jpg
810,8_1_3_20161220222527146.jpg.chip.jpg,8_1_3_20161220222527146.jpg.chip.jpg,8,1,3,20161220222527146.jpg.chip.jpg
811,8_1_3_20161220222531163.jpg.chip.jpg,8_1_3_20161220222531163.jpg.chip.jpg,8,1,3,20161220222531163.jpg.chip.jpg
812,8_1_3_20161220222819947.jpg.chip.jpg,8_1_3_20161220222819947.jpg.chip.jpg,8,1,3,20161220222819947.jpg.chip.jpg
813,8_1_3_20161220222820773.jpg.chip.jpg,8_1_3_20161220222820773.jpg.chip.jpg,8,1,3,20161220222820773.jpg.chip.jpg
814,8_1_3_20170104222709156.jpg.chip.jpg,8_1_3_20170104222709156.jpg.chip.jpg,8,1,3,20170104222709156.jpg.chip.jpg
815,8_1_4_20161221202611945.jpg.chip.jpg,8_1_4_20161221202611945.jpg.chip.jpg,8,1,4,20161221202611945.jpg.chip.jpg
816,8_1_4_20170103200403187.jpg.chip.jpg,8_1_4_20170103200403187.jpg.chip.jpg,8,1,4,20170103200403187.jpg.chip.jpg
817,8_1_4_20170104005426863.jpg.chip.jpg,8_1_4_20170104005426863.jpg.chip.jpg,8,1,4,20170104005426863.jpg.chip.jpg
818,8_1_4_20170109201742209.jpg.chip.jpg,8_1_4_20170109201742209.jpg.chip.jpg,8,1,4,20170109201742209.jpg.chip.jpg
819,8_1_4_20170109201844552.jpg.chip.jpg,8_1_4_20170109201844552.jpg.chip.jpg,8,1,4,20170109201844552.jpg.chip.jpg
820,8_1_4_20170109202334991.jpg.chip.jpg,8_1_4_20170109202334991.jpg.chip.jpg,8,1,4,20170109202334991.jpg.chip.jpg
821,8_1_4_20170109202358152.jpg.chip.jpg,8_1_4_20170109202358152.jpg.chip.jpg,8,1,4,20170109202358152.jpg.chip.jpg
822,9_0_0_20170110215447268.jpg.chip.jpg,9_0_0_20170110215447268.jpg.chip.jpg,9,0,0,20170110215447268.jpg.chip.jpg
823,9_0_0_20170110215453036.jpg.chip.jpg,9_0_0_20170110215453036.jpg.chip.jpg,9,0,0,20170110215453036.jpg.chip.jpg
824,9_0_0_20170110215514548.jpg.chip.jpg,9_0_0_20170110215514548.jpg.chip.jpg,9,0,0,20170110215514548.jpg.chip.jpg
825,9_0_0_20170110215520268.jpg.chip.jpg,9_0_0_20170110215520268.jpg.chip.jpg,9,0,0,20170110215520268.jpg.chip.jpg
826,9_0_0_20170110215523228.jpg.chip.jpg,9_0_0_20170110215523228.jpg.chip.jpg,9,0,0,20170110215523228.jpg.chip.jpg
827,9_0_0_20170110220110042.jpg.chip.jpg,9_0_0_20170110220110042.jpg.chip.jpg,9,0,0,20170110220110042.jpg.chip.jpg
828,9_0_0_20170110220132059.jpg.chip.jpg,9_0_0_20170110220132059.jpg.chip.jpg,9,0,0,20170110220132059.jpg.chip.jpg
829,9_0_0_20170110220133114.jpg.chip.jpg,9_0_0_20170110220133114.jpg.chip.jpg,9,0,0,20170110220133114.jpg.chip.jpg
830,9_0_0_20170110220134026.jpg.chip.jpg,9_0_0_20170110220134026.jpg.chip.jpg,9,0,0,20170110220134026.jpg.chip.jpg
831,9_0_0_20170110220149298.jpg.chip.jpg,9_0_0_20170110220149298.jpg.chip.jpg,9,0,0,20170110220149298.jpg.chip.jpg
832,9_0_0_20170110220232058.jpg.chip.jpg,9_0_0_20170110220232058.jpg.chip.jpg,9,0,0,20170110220232058.jpg.chip.jpg
833,9_0_0_20170110220239466.jpg.chip.jpg,9_0_0_20170110220239466.jpg.chip.jpg,9,0,0,20170110220239466.jpg.chip.jpg
834,9_0_0_20170110220241330.jpg.chip.jpg,9_0_0_20170110220241330.jpg.chip.jpg,9,0,0,20170110220241330.jpg.chip.jpg
835,9_0_0_20170110220339426.jpg.chip.jpg,9_0_0_20170110220339426.jpg.chip.jpg,9,0,0,20170110220339426.jpg.chip.jpg
836,9_0_0_20170110220427042.jpg.chip.jpg,9_0_0_20170110220427042.jpg.chip.jpg,9,0,0,20170110220427042.jpg.chip.jpg
837,9_0_0_20170110220442681.jpg.chip.jpg,9_0_0_20170110220442681.jpg.chip.jpg,9,0,0,20170110220442681.jpg.chip.jpg
838,9_0_0_20170110220449969.jpg.chip.jpg,9_0_0_20170110220449969.jpg.chip.jpg,9,0,0,20170110220449969.jpg.chip.jpg
839,9_0_0_20170110220510618.jpg.chip.jpg,9_0_0_20170110220510618.jpg.chip.jpg,9,0,0,20170110220510618.jpg.chip.jpg
840,9_0_0_20170110220624626.jpg.chip.jpg,9_0_0_20170110220624626.jpg.chip.jpg,9,0,0,20170110220624626.jpg.chip.jpg
841,9_0_0_20170110220625994.jpg.chip.jpg,9_0_0_20170110220625994.jpg.chip.jpg,9,0,0,20170110220625994.jpg.chip.jpg
842,9_0_0_20170110220700428.jpg.chip.jpg,9_0_0_20170110220700428.jpg.chip.jpg,9,0,0,20170110220700428.jpg.chip.jpg
843,9_0_0_20170110220712974.jpg.chip.jpg,9_0_0_20170110220712974.jpg.chip.jpg,9,0,0,20170110220712974.jpg.chip.jpg
844,9_0_0_20170110221701052.jpg.chip.jpg,9_0_0_20170110221701052.jpg.chip.jpg,9,0,0,20170110221701052.jpg.chip.jpg
845,9_0_0_20170110221723108.jpg.chip.jpg,9_0_0_20170110221723108.jpg.chip.jpg,9,0,0,20170110221723108.jpg.chip.jpg
846,9_0_0_20170110222903669.jpg.chip.jpg,9_0_0_20170110222903669.jpg.chip.jpg,9,0,0,20170110222903669.jpg.chip.jpg
847,9_0_0_20170110224305302.jpg.chip.jpg,9_0_0_20170110224305302.jpg.chip.jpg,9,0,0,20170110224305302.jpg.chip.jpg
848,9_0_0_20170110224351698.jpg.chip.jpg,9_0_0_20170110224351698.jpg.chip.jpg,9,0,0,20170110224351698.jpg.chip.jpg
849,9_0_0_20170110224819698.jpg.chip.jpg,9_0_0_20170110224819698.jpg.chip.jpg,9,0,0,20170110224819698.jpg.chip.jpg
850,9_0_0_20170110224837718.jpg.chip.jpg,9_0_0_20170110224837718.jpg.chip.jpg,9,0,0,20170110224837718.jpg.chip.jpg
851,9_0_0_20170110224838965.jpg.chip.jpg,9_0_0_20170110224838965.jpg.chip.jpg,9,0,0,20170110224838965.jpg.chip.jpg
852,9_0_0_20170110225018913.jpg.chip.jpg,9_0_0_20170110225018913.jpg.chip.jpg,9,0,0,20170110225018913.jpg.chip.jpg
853,9_0_0_20170110225101384.jpg.chip.jpg,9_0_0_20170110225101384.jpg.chip.jpg,9,0,0,20170110225101384.jpg.chip.jpg
854,9_0_0_20170110225111291.jpg.chip.jpg,9_0_0_20170110225111291.jpg.chip.jpg,9,0,0,20170110225111291.jpg.chip.jpg
855,9_0_0_20170110225318820.jpg.chip.jpg,9_0_0_20170110225318820.jpg.chip.jpg,9,0,0,20170110225318820.jpg.chip.jpg
856,9_0_0_20170110225508509.jpg.chip.jpg,9_0_0_20170110225508509.jpg.chip.jpg,9,0,0,20170110225508509.jpg.chip.jpg
857,9_0_0_20170110225609333.jpg.chip.jpg,9_0_0_20170110225609333.jpg.chip.jpg,9,0,0,20170110225609333.jpg.chip.jpg
858,9_0_2_20161219192701323.jpg.chip.jpg,9_0_2_20161219192701323.jpg.chip.jpg,9,0,2,20161219192701323.jpg.chip.jpg
859,9_0_2_20170110215503716.jpg.chip.jpg,9_0_2_20170110215503716.jpg.chip.jpg,9,0,2,20170110215503716.jpg.chip.jpg
860,9_0_2_20170110215518068.jpg.chip.jpg,9_0_2_20170110215518068.jpg.chip.jpg,9,0,2,20170110215518068.jpg.chip.jpg
861,9_0_2_20170110224555634.jpg.chip.jpg,9_0_2_20170110224555634.jpg.chip.jpg,9,0,2,20170110224555634.jpg.chip.jpg
862,9_0_2_20170110225353988.jpg.chip.jpg,9_0_2_20170110225353988.jpg.chip.jpg,9,0,2,20170110225353988.jpg.chip.jpg
863,9_0_4_20170110215354740.jpg.chip.jpg,9_0_4_20170110215354740.jpg.chip.jpg,9,0,4,20170110215354740.jpg.chip.jpg
864,9_0_4_20170110225238472.jpg.chip.jpg,9_0_4_20170110225238472.jpg.chip.jpg,9,0,4,20170110225238472.jpg.chip.jpg
865,9_1_0_20170104013159819.jpg.chip.jpg,9_1_0_20170104013159819.jpg.chip.jpg,9,1,0,20170104013159819.jpg.chip.jpg
866,9_1_0_20170109200846880.jpg.chip.jpg,9_1_0_20170109200846880.jpg.chip.jpg,9,1,0,20170109200846880.jpg.chip.jpg
867,9_1_0_20170109202228755.jpg.chip.jpg,9_1_0_20170109202228755.jpg.chip.jpg,9,1,0,20170109202228755.jpg.chip.jpg
868,9_1_0_20170109204449076.jpg.chip.jpg,9_1_0_20170109204449076.jpg.chip.jpg,9,1,0,20170109204449076.jpg.chip.jpg
869,9_1_0_20170109204512608.jpg.chip.jpg,9_1_0_20170109204512608.jpg.chip.jpg,9,1,0,20170109204512608.jpg.chip.jpg
870,9_1_0_20170109204754719.jpg.chip.jpg,9_1_0_20170109204754719.jpg.chip.jpg,9,1,0,20170109204754719.jpg.chip.jpg
871,9_1_0_20170110224621441.jpg.chip.jpg,9_1_0_20170110224621441.jpg.chip.jpg,9,1,0,20170110224621441.jpg.chip.jpg
872,9_1_2_20161219192342173.jpg.chip.jpg,9_1_2_20161219192342173.jpg.chip.jpg,9,1,2,20161219192342173.jpg.chip.jpg
873,9_1_2_20161219204347420.jpg.chip.jpg,9_1_2_20161219204347420.jpg.chip.jpg,9,1,2,20161219204347420.jpg.chip.jpg
874,9_1_4_20170103200814791.jpg.chip.jpg,9_1_4_20170103200814791.jpg.chip.jpg,9,1,4,20170103200814791.jpg.chip.jpg
